本小区ID,邻小区ID,本小区LAC,邻小区LAC,
CellId,AdjcellId,CellLac,Adjcelllac,
9152,9291,14119,14119,
9152,9373,14119,14119,
9152,9553,14119,14119,
9152,9133,14119,14119,
9152,9151,14119,14119,
9152,9463,14119,14119,
9152,9522,14119,14119,
9152,9031,14119,14119,
9152,9072,14119,14119,
9152,9271,14119,14119,
9152,9521,14119,14119,
9152,9132,14119,14119,
9152,9063,14119,14119,
9152,9143,14119,14119,
9152,9153,14119,14119,
9152,9371,14119,14119,
9152,9372,14119,14119,
9152,9111,14119,14119,
9152,9273,14119,14119,
9152,9552,14119,14119,
9152,9013,14119,14119,
9152,9241,14119,14119,
9152,9062,14119,14119,
9152,9073,14119,14119,
9152,9222,14119,14119,
9152,9243,14119,14119,
9152,9032,14119,14119,
9152,9061,14119,14119,
9152,9192,14119,14119,
9152,9242,14119,14119,
9242,9011,14119,14119,
9242,9012,14119,14119,
9242,9143,14119,14119,
9242,9371,14119,14119,
9242,9061,14119,14119,
9242,9121,14119,14119,
9242,9291,14119,14119,
9242,9273,14119,14119,
9242,9323,14119,14119,
9242,9013,14119,14119,
9242,9241,14119,14119,
9242,9263,14119,14119,
9242,9462,14119,14119,
9242,9373,14119,14119,
9242,9062,14119,14119,
9242,9501,14119,14119,
9242,9072,14119,14119,
9242,9123,14119,14119,
9242,9151,14119,14119,
9242,9152,14119,14119,
9242,9243,14119,14119,
9242,9261,14119,14119,
9242,9023,14119,14119,
9242,9053,14119,14119,
9242,9142,14119,14119,
9242,9213,14119,14119,
9242,9021,14119,14119,
9242,9271,14119,14119,
9242,9272,14119,14119,
9242,9372,14119,14119,
9242,9542,14119,14119,
9462,9132,14119,14119,
9462,9213,14119,14119,
9462,9263,14119,14119,
9462,9141,14119,14119,
9462,9153,14119,14119,
9462,9323,14119,14119,
9462,9151,14119,14119,
9462,9242,14119,14119,
9462,9371,14119,14119,
9462,9013,14119,14119,
9462,9261,14119,14119,
9462,9241,14119,14119,
9462,9271,14119,14119,
9462,9012,14119,14119,
9462,9142,14119,14119,
9462,9463,14119,14119,
9462,9543,14119,14119,
9462,9011,14119,14119,
9462,9053,14119,14119,
9462,9542,14119,14119,
9462,9143,14119,14119,
9462,9072,14119,14119,
9462,9202,14119,14119,
9462,9461,14119,14119,
9033,9411,14119,14119,
9033,9523,14119,14119,
9033,9133,14119,14119,
9033,9031,14119,14119,
9033,9042,14119,14119,
9033,9043,14119,14119,
9033,9281,14119,14119,
9033,9161,14119,14119,
9033,9521,14119,14119,
9033,9193,14119,14119,
9033,9412,14119,14119,
9033,9223,14119,14119,
9033,9413,14119,14119,
9033,9553,14119,14119,
9033,9032,14119,14119,
9033,9222,14119,14119,
9033,9293,14119,14119,
9033,9063,14119,14119,
9033,9111,14119,14119,
9033,9382,14119,14119,
9033,9034,14119,14119,
9033,9392,14119,14119,
9033,9113,14119,14119,
9033,9282,14119,14119,
9033,9383,14119,14119,
9113,9283,14119,14119,
9113,9112,14119,14119,
9113,9173,14119,14119,
9113,9162,14119,14119,
9113,9522,14119,14119,
9113,9523,14119,14119,
9113,9032,14119,14119,
9113,9161,14119,14119,
9113,9063,14119,14119,
9113,9293,14119,14119,
9113,9563,14119,14119,
9113,9042,14119,14119,
9113,9282,14119,14119,
9113,9033,14119,14119,
9113,9281,14119,14119,
9113,9403,14119,14119,
9113,9111,14119,14119,
9113,9291,14119,14119,
9113,9163,14119,14119,
9113,9222,14119,14119,
9113,9401,14119,14119,
9113,9412,14119,14119,
9113,9413,14119,14119,
9141,9151,14119,14119,
9141,9180,14119,14119,
9141,9188,14119,14119,
9141,9211,14119,14119,
9141,9261,14119,14119,
9141,9542,14119,14119,
9141,9543,14119,14119,
9141,9051,14119,14119,
9141,9072,14119,14119,
9141,9241,14119,14119,
9141,9203,14119,14119,
9141,9341,14119,14119,
9141,9462,14119,14119,
9141,9011,14119,14119,
9141,9312,14119,14119,
9141,9362,14119,14119,
9141,9541,14119,14119,
9141,9053,14119,14119,
9141,9201,14119,14119,
9141,9461,14119,14119,
9141,9202,14119,14119,
9141,9213,14119,14119,
9141,9103,14119,14119,
9141,9143,14119,14119,
9141,9452,14119,14119,
9141,9071,14119,14119,
9141,9343,14119,14119,
9141,9101,14119,14119,
9141,9142,14119,14119,
9272,9121,14119,14119,
9272,9253,14119,14119,
9272,9322,14119,14119,
9272,9292,14119,14119,
9272,9373,14119,14119,
9272,9123,14119,14119,
9272,9271,14119,14119,
9272,9273,14119,14119,
9272,9571,14119,14119,
9272,9012,14119,14119,
9272,9112,14119,14119,
9272,9262,14119,14119,
9272,9372,14119,14119,
9272,9122,14119,14119,
9272,9242,14119,14119,
9272,9331,14119,14119,
9272,9171,14119,14119,
9272,9443,14119,14119,
9272,9023,14119,14119,
9272,9323,14119,14119,
9272,9573,14119,14119,
9272,9291,14119,14119,
9272,9502,14119,14119,
9272,9022,14119,14119,
9272,9263,14119,14119,
9272,9021,14119,14119,
9272,9062,14119,14119,
9272,9501,14119,14119,
9271,9123,14119,14119,
9271,9213,14119,14119,
9271,9263,14119,14119,
9271,9012,14119,14119,
9271,9022,14119,14119,
9271,9103,14119,14119,
9271,9242,14119,14119,
9271,9023,14119,14119,
9271,9371,14119,14119,
9271,9143,14119,14119,
9271,9261,14119,14119,
9271,9121,14119,14119,
9271,9372,14119,14119,
9271,9462,14119,14119,
9271,9542,14119,14119,
9271,9062,14119,14119,
9271,9142,14119,14119,
9271,9152,14119,14119,
9271,9241,14119,14119,
9271,9272,14119,14119,
9271,9061,14119,14119,
9271,9243,14119,14119,
9271,9262,14119,14119,
9271,9443,14119,14119,
9271,9543,14119,14119,
9271,9011,14119,14119,
9271,9013,14119,14119,
9271,9021,14119,14119,
9271,9151,14119,14119,
9271,9273,14119,14119,
9271,9323,14119,14119,
9273,9023,14119,14119,
9273,9373,14119,14119,
9273,9031,14119,14119,
9273,9121,14119,14119,
9273,9293,14119,14119,
9273,9372,14119,14119,
9273,9012,14119,14119,
9273,9263,14119,14119,
9273,9271,14119,14119,
9273,9272,14119,14119,
9273,9152,14119,14119,
9273,9032,14119,14119,
9273,9111,14119,14119,
9273,9371,14119,14119,
9273,9061,14119,14119,
9273,9243,14119,14119,
9273,9291,14119,14119,
9273,9571,14119,14119,
9273,9062,14119,14119,
9273,9123,14119,14119,
9273,9292,14119,14119,
9273,9503,14119,14119,
9273,9522,14119,14119,
9273,9013,14119,14119,
9273,9242,14119,14119,
9273,9171,14119,14119,
9273,9063,14119,14119,
9273,9112,14119,14119,
9523,9034,14119,14119,
9523,9281,14119,14119,
9523,9412,14119,14119,
9523,9133,14119,14119,
9523,9293,14119,14119,
9523,9521,14119,14119,
9523,9113,14119,14119,
9523,9401,14119,14119,
9523,9552,14119,14119,
9523,9032,14119,14119,
9523,9033,14119,14119,
9523,9522,14119,14119,
9523,9163,14119,14119,
9523,9282,14119,14119,
9523,9063,14119,14119,
9523,9111,14119,14119,
9523,9291,14119,14119,
9523,9031,14119,14119,
9523,9153,14119,14119,
9523,9222,14119,14119,
9523,9553,14119,14119,
9523,9161,14119,14119,
9523,9373,14119,14119,
9063,9521,14119,14119,
9063,9523,14119,14119,
9063,9243,14119,14119,
9063,9552,14119,14119,
9063,9112,14119,14119,
9063,9113,14119,14119,
9063,9553,14119,14119,
9063,9033,14119,14119,
9063,9034,14119,14119,
9063,9132,14119,14119,
9063,9412,14119,14119,
9063,9061,14119,14119,
9063,9373,14119,14119,
9063,9013,14119,14119,
9063,9111,14119,14119,
9063,9032,14119,14119,
9063,9161,14119,14119,
9063,9273,14119,14119,
9063,9062,14119,14119,
9063,9133,14119,14119,
9063,9171,14119,14119,
9063,9293,14119,14119,
9063,9522,14119,14119,
9063,9031,14119,14119,
9063,9123,14119,14119,
9063,9291,14119,14119,
9063,9152,14119,14119,
9062,9293,14119,14119,
9062,9552,14119,14119,
9062,9063,14119,14119,
9062,9112,14119,14119,
9062,9272,14119,14119,
9062,9023,14119,14119,
9062,9122,14119,14119,
9062,9242,14119,14119,
9062,9503,14119,14119,
9062,9152,14119,14119,
9062,9121,14119,14119,
9062,9171,14119,14119,
9062,9263,14119,14119,
9062,9271,14119,14119,
9062,9501,14119,14119,
9062,9123,14119,14119,
9062,9273,14119,14119,
9062,9292,14119,14119,
9062,9061,14119,14119,
9062,9291,14119,14119,
9062,9372,14119,14119,
9062,9373,14119,14119,
9062,9012,14119,14119,
9062,9032,14119,14119,
9062,9331,14119,14119,
9062,9522,14119,14119,
9062,9013,14119,14119,
9062,9111,14119,14119,
9062,9243,14119,14119,
9073,9153,14119,14119,
9073,9241,14119,14119,
9073,9371,14119,14119,
9073,9131,14119,14119,
9073,9373,14119,14119,
9073,9521,14119,14119,
9073,9074,14119,14119,
9073,9143,14119,14119,
9073,9243,14119,14119,
9073,9461,14119,14119,
9073,9313,14119,14119,
9073,9551,14119,14119,
9073,9151,14119,14119,
9073,9191,14119,14119,
9073,9203,14119,14119,
9073,9072,14119,14119,
9073,9192,14119,14119,
9073,9552,14119,14119,
9073,9133,14119,14119,
9073,9152,14119,14119,
9073,9221,14119,14119,
9073,9312,14119,14119,
9073,9061,14119,14119,
9073,9132,14119,14119,
9073,9382,14119,14119,
9073,9463,14119,14119,
9073,9031,14119,14119,
9073,9071,14119,14119,
9073,9193,14119,14119,
9193,9034,14119,14119,
9193,9381,14119,14119,
9193,9192,14119,14119,
9193,9313,14119,14119,
9193,9411,14119,14119,
9193,9362,14119,14119,
9193,9391,14119,14119,
9193,9392,14119,14119,
9193,9222,14119,14119,
9193,9553,14119,14119,
9193,9033,14119,14119,
9193,9041,14119,14119,
9193,9221,14119,14119,
9193,9363,14119,14119,
9193,9073,14119,14119,
9193,9223,14119,14119,
9193,9383,14119,14119,
9193,9133,14119,14119,
9193,9191,14119,14119,
9193,9382,14119,14119,
9193,9042,14119,14119,
9193,9551,14119,14119,
9193,9131,14119,14119,
9193,9232,14119,14119,
9191,9073,14119,14119,
9191,9203,14119,14119,
9191,9361,14119,14119,
9191,9193,14119,14119,
9191,9231,14119,14119,
9191,9233,14119,14119,
9191,9313,14119,14119,
9191,9382,14119,14119,
9191,9461,14119,14119,
9191,9192,14119,14119,
9191,9311,14119,14119,
9191,9381,14119,14119,
9191,9551,14119,14119,
9191,9232,14119,14119,
9191,9053,14119,14119,
9191,9362,14119,14119,
9191,9071,14119,14119,
9191,9312,14119,14119,
9191,9453,14119,14119,
9191,9131,14119,14119,
9191,9201,14119,14119,
9191,9074,14119,14119,
9191,9153,14119,14119,
9191,9221,14119,14119,
9191,9363,14119,14119,
9191,9451,14119,14119,
9021,9261,14119,14119,
9021,9321,14119,14119,
9021,9441,14119,14119,
9021,9272,14119,14119,
9021,9501,14119,14119,
9021,9571,14119,14119,
9021,9103,14119,14119,
9021,9212,14119,14119,
9021,9443,14119,14119,
9021,9093,14119,14119,
9021,9121,14119,14119,
9021,9531,14119,14119,
9021,9012,14119,14119,
9021,9242,14119,14119,
9021,9323,14119,14119,
9021,9102,14119,14119,
9021,9122,14119,14119,
9021,9211,14119,14119,
9021,9322,14119,14119,
9021,9251,14119,14119,
9021,9542,14119,14119,
9021,9142,14119,14119,
9021,9271,14119,14119,
9021,9022,14119,14119,
9021,9213,14119,14119,
9021,9023,14119,14119,
9021,9262,14119,14119,
9021,9533,14119,14119,
9022,10281,14119,14103,
9022,9501,14119,14119,
9022,9573,14119,14119,
9022,9252,14119,14119,
9022,9572,14119,14119,
9022,9093,14119,14119,
9022,9532,14119,14119,
9022,9571,14119,14119,
9022,10011,14119,14103,
9022,9272,14119,14119,
9022,9322,14119,14119,
9022,9023,14119,14119,
9022,9121,14119,14119,
9022,9502,14119,14119,
9022,9102,14119,14119,
9022,9332,14119,14119,
9022,10283,14119,14103,
9022,9122,14119,14119,
9022,9251,14119,14119,
9022,9262,14119,14119,
9022,9021,14119,14119,
9022,9271,14119,14119,
9022,9103,14119,14119,
9022,9253,14119,14119,
9022,9441,14119,14119,
9022,9443,14119,14119,
9022,9533,14119,14119,
9022,10111,14119,14103,
9022,9323,14119,14119,
9022,9331,14119,14119,
9293,9273,14119,14119,
9293,9412,14119,14119,
9293,9523,14119,14119,
9293,9161,14119,14119,
9293,9503,14119,14119,
9293,9561,14119,14119,
9293,9062,14119,14119,
9293,9111,14119,14119,
9293,9171,14119,14119,
9293,10060,14119,14103,
9293,9033,14119,14119,
9293,9112,14119,14119,
9293,9173,14119,14119,
9293,9401,14119,14119,
9293,9563,14119,14119,
9293,9063,14119,14119,
9293,9402,14119,14119,
9293,9282,14119,14119,
9293,9333,14119,14119,
9293,9522,14119,14119,
9293,9163,14119,14119,
9293,9162,14119,14119,
9293,9292,14119,14119,
9293,9032,14119,14119,
9293,9113,14119,14119,
9293,9123,14119,14119,
9293,9291,14119,14119,
9012,9011,14119,14119,
9012,9213,14119,14119,
9012,9322,14119,14119,
9012,9021,14119,14119,
9012,9261,14119,14119,
9012,9372,14119,14119,
9012,9142,14119,14119,
9012,9212,14119,14119,
9012,9271,14119,14119,
9012,9062,14119,14119,
9012,9272,14119,14119,
9012,9443,14119,14119,
9012,9103,14119,14119,
9012,9262,14119,14119,
9012,9273,14119,14119,
9012,9242,14119,14119,
9012,9323,14119,14119,
9012,9543,14119,14119,
9012,9263,14119,14119,
9012,9501,14119,14119,
9012,9542,14119,14119,
9012,9013,14119,14119,
9012,9462,14119,14119,
9012,9023,14119,14119,
9012,9121,14119,14119,
9011,9343,14119,14119,
9011,9461,14119,14119,
9011,9542,14119,14119,
9011,9013,14119,14119,
9011,9053,14119,14119,
9011,9543,14119,14119,
9011,9151,14119,14119,
9011,9541,14119,14119,
9011,9142,14119,14119,
9011,9462,14119,14119,
9011,9463,14119,14119,
9011,9072,14119,14119,
9011,9371,14119,14119,
9011,9012,14119,14119,
9011,9071,14119,14119,
9011,9202,14119,14119,
9011,9211,14119,14119,
9011,9051,14119,14119,
9011,9241,14119,14119,
9011,9263,14119,14119,
9011,9103,14119,14119,
9011,9242,14119,14119,
9011,9261,14119,14119,
9011,9141,14119,14119,
9011,9143,14119,14119,
9011,9323,14119,14119,
9011,9121,14119,14119,
9011,9213,14119,14119,
9011,9271,14119,14119,
9123,9112,14119,14119,
9123,9501,14119,14119,
9123,9522,14119,14119,
9123,9063,14119,14119,
9123,9271,14119,14119,
9123,9062,14119,14119,
9123,9263,14119,14119,
9123,9272,14119,14119,
9123,9273,14119,14119,
9123,9023,14119,14119,
9123,9122,14119,14119,
9123,9291,14119,14119,
9123,9292,14119,14119,
9123,9293,14119,14119,
9123,9372,14119,14119,
9123,9571,14119,14119,
9123,9111,14119,14119,
9123,9032,14119,14119,
9123,9173,14119,14119,
9123,9161,14119,14119,
9123,9171,14119,14119,
9123,9013,14119,14119,
9123,9121,14119,14119,
9123,9162,14119,14119,
9123,9242,14119,14119,
9123,9331,14119,14119,
9123,9573,14119,14119,
9123,9333,14119,14119,
9123,9503,14119,14119,
9153,9061,14119,14119,
9153,9521,14119,14119,
9153,9073,14119,14119,
9153,9074,14119,14119,
9153,9133,14119,14119,
9153,9152,14119,14119,
9153,9131,14119,14119,
9153,9191,14119,14119,
9153,9072,14119,14119,
9153,9312,14119,14119,
9153,9523,14119,14119,
9153,9382,14119,14119,
9153,9461,14119,14119,
9153,9031,14119,14119,
9153,9143,14119,14119,
9153,9551,14119,14119,
9153,9151,14119,14119,
9153,9241,14119,14119,
9153,9463,14119,14119,
9153,9462,14119,14119,
9153,9552,14119,14119,
9153,9013,14119,14119,
9153,9071,14119,14119,
9153,9132,14119,14119,
9153,9192,14119,14119,
9153,9371,14119,14119,
9153,9243,14119,14119,
9241,9053,14119,14119,
9241,9072,14119,14119,
9241,9073,14119,14119,
9241,9132,14119,14119,
9241,9152,14119,14119,
9241,9192,14119,14119,
9241,9462,14119,14119,
9241,9242,14119,14119,
9241,9213,14119,14119,
9241,9013,14119,14119,
9241,9261,14119,14119,
9241,9543,14119,14119,
9241,9061,14119,14119,
9241,9141,14119,14119,
9241,9143,14119,14119,
9241,9071,14119,14119,
9241,9142,14119,14119,
9241,9151,14119,14119,
9241,9153,14119,14119,
9241,9243,14119,14119,
9241,9271,14119,14119,
9241,9203,14119,14119,
9241,9371,14119,14119,
9241,9461,14119,14119,
9241,9463,14119,14119,
9241,9541,14119,14119,
9241,9011,14119,14119,
9241,9202,14119,14119,
9553,9221,14119,14119,
9553,9222,14119,14119,
9553,9281,14119,14119,
9553,9392,14119,14119,
9553,9031,14119,14119,
9553,9152,14119,14119,
9553,9373,14119,14119,
9553,9411,14119,14119,
9553,9041,14119,14119,
9553,9551,14119,14119,
9553,9552,14119,14119,
9553,9193,14119,14119,
9553,9133,14119,14119,
9553,9223,14119,14119,
9553,9523,14119,14119,
9553,9034,14119,14119,
9553,9161,14119,14119,
9553,9382,14119,14119,
9553,9383,14119,14119,
9553,9521,14119,14119,
9553,9033,14119,14119,
9553,9063,14119,14119,
9553,9042,14119,14119,
9553,9412,14119,14119,
9121,9261,14119,14119,
9121,9322,14119,14119,
9121,9501,14119,14119,
9121,9021,14119,14119,
9121,9171,14119,14119,
9121,9022,14119,14119,
9121,9123,14119,14119,
9121,9272,14119,14119,
9121,9331,14119,14119,
9121,9372,14119,14119,
9121,9011,14119,14119,
9121,9242,14119,14119,
9121,9103,14119,14119,
9121,9271,14119,14119,
9121,9443,14119,14119,
9121,9062,14119,14119,
9121,9522,14119,14119,
9121,9571,14119,14119,
9121,9122,14119,14119,
9121,9142,14119,14119,
9121,9213,14119,14119,
9121,9273,14119,14119,
9121,9542,14119,14119,
9121,9061,14119,14119,
9121,9262,14119,14119,
9121,9012,14119,14119,
9121,9013,14119,14119,
9121,9263,14119,14119,
9121,9323,14119,14119,
9121,9023,14119,14119,
9121,9291,14119,14119,
9122,9272,14119,14119,
9122,9502,14119,14119,
9122,9171,14119,14119,
9122,9292,14119,14119,
9122,9333,14119,14119,
9122,9503,14119,14119,
9122,9062,14119,14119,
9122,9331,14119,14119,
9122,9573,14119,14119,
9122,9501,14119,14119,
9122,9533,14119,14119,
9122,9123,14119,14119,
9122,9251,14119,14119,
9122,9571,14119,14119,
9122,9262,14119,14119,
9122,10113,14119,14103,
9122,9172,14119,14119,
9122,9323,14119,14119,
9122,9332,14119,14119,
9122,9022,14119,14119,
9122,9023,14119,14119,
9122,9253,14119,14119,
9122,9263,14119,14119,
9122,9021,14119,14119,
9122,9441,14119,14119,
9122,9572,14119,14119,
9122,10111,14119,14103,
9122,9121,14119,14119,
9133,9033,14119,14119,
9133,9243,14119,14119,
9133,9521,14119,14119,
9133,9153,14119,14119,
9133,9193,14119,14119,
9133,9412,14119,14119,
9133,9061,14119,14119,
9133,9152,14119,14119,
9133,9523,14119,14119,
9133,9553,14119,14119,
9133,9222,14119,14119,
9133,9522,14119,14119,
9133,9073,14119,14119,
9133,9382,14119,14119,
9133,9411,14119,14119,
9133,9042,14119,14119,
9133,9192,14119,14119,
9133,9551,14119,14119,
9133,9031,14119,14119,
9133,9034,14119,14119,
9133,9131,14119,14119,
9133,9371,14119,14119,
9133,9063,14119,14119,
9133,9132,14119,14119,
9133,9552,14119,14119,
9133,9032,14119,14119,
9133,9111,14119,14119,
9133,9221,14119,14119,
9133,9373,14119,14119,
9034,9523,14119,14119,
9034,9032,14119,14119,
9034,9042,14119,14119,
9034,9221,14119,14119,
9034,9412,14119,14119,
9034,9111,14119,14119,
9034,9193,14119,14119,
9034,9222,14119,14119,
9034,9383,14119,14119,
9034,9041,14119,14119,
9034,9223,14119,14119,
9034,9382,14119,14119,
9034,9411,14119,14119,
9034,9381,14119,14119,
9034,9413,14119,14119,
9034,9031,14119,14119,
9034,9033,14119,14119,
9034,9063,14119,14119,
9034,9392,14119,14119,
9034,9551,14119,14119,
9034,9553,14119,14119,
9034,9043,14119,14119,
9034,9371,14119,14119,
9034,9552,14119,14119,
9034,9131,14119,14119,
9034,9133,14119,14119,
9034,9281,14119,14119,
9034,9521,14119,14119,
9463,9312,14119,14119,
9463,9061,14119,14119,
9463,9013,14119,14119,
9463,9073,14119,14119,
9463,9131,14119,14119,
9463,9132,14119,14119,
9463,9153,14119,14119,
9463,9461,14119,14119,
9463,9011,14119,14119,
9463,9072,14119,14119,
9463,9151,14119,14119,
9463,9192,14119,14119,
9463,9371,14119,14119,
9463,9143,14119,14119,
9463,9152,14119,14119,
9463,9243,14119,14119,
9463,9552,14119,14119,
9463,9241,14119,14119,
9463,9543,14119,14119,
9463,9071,14119,14119,
9463,9521,14119,14119,
9463,9551,14119,14119,
9463,9031,14119,14119,
9463,9462,14119,14119,
9032,9031,14119,14119,
9032,9281,14119,14119,
9032,9292,14119,14119,
9032,9552,14119,14119,
9032,9062,14119,14119,
9032,9123,14119,14119,
9032,9523,14119,14119,
9032,9113,14119,14119,
9032,9222,14119,14119,
9032,9401,14119,14119,
9032,9112,14119,14119,
9032,9034,14119,14119,
9032,9063,14119,14119,
9032,9061,14119,14119,
9032,9111,14119,14119,
9032,9152,14119,14119,
9032,9282,14119,14119,
9032,9522,14119,14119,
9032,9133,14119,14119,
9032,9273,14119,14119,
9032,9373,14119,14119,
9032,9033,14119,14119,
9032,9162,14119,14119,
9032,9291,14119,14119,
9032,9521,14119,14119,
9032,9161,14119,14119,
9032,9243,14119,14119,
9032,9293,14119,14119,
9032,9412,14119,14119,
9032,9171,14119,14119,
9031,9061,14119,14119,
9031,9373,14119,14119,
9031,9521,14119,14119,
9031,9073,14119,14119,
9031,9153,14119,14119,
9031,9133,14119,14119,
9031,9192,14119,14119,
9031,9523,14119,14119,
9031,9553,14119,14119,
9031,9033,14119,14119,
9031,9034,14119,14119,
9031,9273,14119,14119,
9031,9072,14119,14119,
9031,9382,14119,14119,
9031,9063,14119,14119,
9031,9132,14119,14119,
9031,9243,14119,14119,
9031,9412,14119,14119,
9031,9222,14119,14119,
9031,9032,14119,14119,
9031,9161,14119,14119,
9031,9371,14119,14119,
9031,9463,14119,14119,
9031,9111,14119,14119,
9031,9152,14119,14119,
9031,9522,14119,14119,
9031,9552,14119,14119,
9061,9192,14119,14119,
9061,9133,14119,14119,
9061,9153,14119,14119,
9061,9031,14119,14119,
9061,9062,14119,14119,
9061,9121,14119,14119,
9061,9241,14119,14119,
9061,9552,14119,14119,
9061,9032,14119,14119,
9061,9132,14119,14119,
9061,9271,14119,14119,
9061,9372,14119,14119,
9061,9013,14119,14119,
9061,9072,14119,14119,
9061,9151,14119,14119,
9061,9273,14119,14119,
9061,9463,14119,14119,
9061,9291,14119,14119,
9061,9371,14119,14119,
9061,9111,14119,14119,
9061,9373,14119,14119,
9061,9522,14119,14119,
9061,9073,14119,14119,
9061,9152,14119,14119,
9061,9063,14119,14119,
9061,9131,14119,14119,
9061,9242,14119,14119,
9061,9243,14119,14119,
9061,9521,14119,14119,
9111,9123,14119,14119,
9111,9152,14119,14119,
9111,9161,14119,14119,
9111,9412,14119,14119,
9111,9133,14119,14119,
9111,9243,14119,14119,
9111,9371,14119,14119,
9111,9373,14119,14119,
9111,9171,14119,14119,
9111,9273,14119,14119,
9111,9522,14119,14119,
9111,9032,14119,14119,
9111,9331,14119,14119,
9111,9552,14119,14119,
9111,9031,14119,14119,
9111,9034,14119,14119,
9111,9113,14119,14119,
9111,9132,14119,14119,
9111,9372,14119,14119,
9111,9523,14119,14119,
9111,9061,14119,14119,
9111,9062,14119,14119,
9111,9112,14119,14119,
9111,9192,14119,14119,
9111,9291,14119,14119,
9111,9521,14119,14119,
9111,9033,14119,14119,
9111,9063,14119,14119,
9111,9293,14119,14119,
9111,9503,14119,14119,
9112,9161,14119,14119,
9112,9111,14119,14119,
9112,9162,14119,14119,
9112,9402,14119,14119,
9112,9503,14119,14119,
9112,9333,14119,14119,
9112,9401,14119,14119,
9112,9063,14119,14119,
9112,9171,14119,14119,
9112,9173,14119,14119,
9112,9573,14119,14119,
9112,9331,14119,14119,
9112,9563,14119,14119,
9112,9123,14119,14119,
9112,9291,14119,14119,
9112,9292,14119,14119,
9112,9522,14119,14119,
9112,9293,14119,14119,
9112,9032,14119,14119,
9112,9273,14119,14119,
9112,9501,14119,14119,
9112,9561,14119,14119,
9112,9272,14119,14119,
9112,9062,14119,14119,
9112,9113,14119,14119,
9112,9282,14119,14119,
9243,9133,14119,14119,
9243,9241,14119,14119,
9243,9063,14119,14119,
9243,9073,14119,14119,
9243,9291,14119,14119,
9243,9371,14119,14119,
9243,9013,14119,14119,
9243,9271,14119,14119,
9243,9032,14119,14119,
9243,9062,14119,14119,
9243,9373,14119,14119,
9243,9072,14119,14119,
9243,9151,14119,14119,
9243,9522,14119,14119,
9243,9552,14119,14119,
9243,9061,14119,14119,
9243,9111,14119,14119,
9243,9242,14119,14119,
9243,9143,14119,14119,
9243,9152,14119,14119,
9243,9372,14119,14119,
9243,9031,14119,14119,
9243,9153,14119,14119,
9243,9273,14119,14119,
9243,9463,14119,14119,
9243,9132,14119,14119,
9243,9263,14119,14119,
9243,9521,14119,14119,
9023,9251,14119,14119,
9023,9322,14119,14119,
9023,9502,14119,14119,
9023,9103,14119,14119,
9023,9273,14119,14119,
9023,9171,14119,14119,
9023,9573,14119,14119,
9023,9022,14119,14119,
9023,9122,14119,14119,
9023,9123,14119,14119,
9023,9571,14119,14119,
9023,9021,14119,14119,
9023,9262,14119,14119,
9023,9331,14119,14119,
9023,9253,14119,14119,
9023,9263,14119,14119,
9023,9272,14119,14119,
9023,9062,14119,14119,
9023,9291,14119,14119,
9023,9501,14119,14119,
9023,9443,14119,14119,
9023,9012,14119,14119,
9023,9292,14119,14119,
9023,9372,14119,14119,
9023,9503,14119,14119,
9023,9323,14119,14119,
9023,9121,14119,14119,
9023,9242,14119,14119,
9023,9271,14119,14119,
9143,9013,14119,14119,
9143,9153,14119,14119,
9143,9152,14119,14119,
9143,9461,14119,14119,
9143,9073,14119,14119,
9143,9131,14119,14119,
9143,9263,14119,14119,
9143,9072,14119,14119,
9143,9132,14119,14119,
9143,9261,14119,14119,
9143,9271,14119,14119,
9143,9371,14119,14119,
9143,9462,14119,14119,
9143,9463,14119,14119,
9143,9141,14119,14119,
9143,9213,14119,14119,
9143,9241,14119,14119,
9143,9543,14119,14119,
9143,9011,14119,14119,
9143,9142,14119,14119,
9143,9151,14119,14119,
9143,9242,14119,14119,
9143,9243,14119,14119,
9142,9121,14119,14119,
9142,9213,14119,14119,
9142,9013,14119,14119,
9142,9053,14119,14119,
9142,9321,14119,14119,
9142,9443,14119,14119,
9142,9542,14119,14119,
9142,9072,14119,14119,
9142,9263,14119,14119,
9142,9011,14119,14119,
9142,9012,14119,14119,
9142,9103,14119,14119,
9142,9211,14119,14119,
9142,9212,14119,14119,
9142,9323,14119,14119,
9142,9261,14119,14119,
9142,9052,14119,14119,
9142,9143,14119,14119,
9142,9141,14119,14119,
9142,9151,14119,14119,
9142,9271,14119,14119,
9142,9462,14119,14119,
9142,9543,14119,14119,
9142,9241,14119,14119,
9142,9021,14119,14119,
9142,9242,14119,14119,
9142,9262,14119,14119,
9551,9131,14119,14119,
9551,9392,14119,14119,
9551,9552,14119,14119,
9551,9133,14119,14119,
9551,9232,14119,14119,
9551,9521,14119,14119,
9551,9153,14119,14119,
9551,9034,14119,14119,
9551,9191,14119,14119,
9551,9312,14119,14119,
9551,9381,14119,14119,
9551,9073,14119,14119,
9551,9313,14119,14119,
9551,9371,14119,14119,
9551,9411,14119,14119,
9551,9074,14119,14119,
9551,9382,14119,14119,
9551,9222,14119,14119,
9551,9463,14119,14119,
9551,9193,14119,14119,
9551,9221,14119,14119,
9551,9553,14119,14119,
9551,9192,14119,14119,
9551,9223,14119,14119,
9552,9291,14119,14119,
9552,9523,14119,14119,
9552,9062,14119,14119,
9552,9553,14119,14119,
9552,9042,14119,14119,
9552,9153,14119,14119,
9552,9131,14119,14119,
9552,9463,14119,14119,
9552,9072,14119,14119,
9552,9111,14119,14119,
9552,9132,14119,14119,
9552,9243,14119,14119,
9552,9522,14119,14119,
9552,9073,14119,14119,
9552,9373,14119,14119,
9552,9551,14119,14119,
9552,9063,14119,14119,
9552,9152,14119,14119,
9552,9382,14119,14119,
9552,9032,14119,14119,
9552,9192,14119,14119,
9552,9222,14119,14119,
9552,9371,14119,14119,
9552,9412,14119,14119,
9552,9521,14119,14119,
9552,9031,14119,14119,
9552,9061,14119,14119,
9552,9034,14119,14119,
9552,9133,14119,14119,
9071,9453,14119,14119,
9071,9463,14119,14119,
9071,9541,14119,14119,
9071,9053,14119,14119,
9071,9203,14119,14119,
9071,9362,14119,14119,
9071,9072,14119,14119,
9071,9543,14119,14119,
9071,9153,14119,14119,
9071,9343,14119,14119,
9071,9452,14119,14119,
9071,9461,14119,14119,
9071,9051,14119,14119,
9071,9241,14119,14119,
9071,9074,14119,14119,
9071,9141,14119,14119,
9071,9311,14119,14119,
9071,9180,14119,14119,
9071,9312,14119,14119,
9071,9451,14119,14119,
9071,9151,14119,14119,
9071,9191,14119,14119,
9071,9202,14119,14119,
9071,9011,14119,14119,
9071,9131,14119,14119,
9071,9188,14119,14119,
9071,9201,14119,14119,
9071,9073,14119,14119,
9072,9053,14119,14119,
9072,9142,14119,14119,
9072,9152,14119,14119,
9072,9141,14119,14119,
9072,9153,14119,14119,
9072,9312,14119,14119,
9072,9011,14119,14119,
9072,9071,14119,14119,
9072,9073,14119,14119,
9072,9242,14119,14119,
9072,9543,14119,14119,
9072,9151,14119,14119,
9072,9202,14119,14119,
9072,9552,14119,14119,
9072,9061,14119,14119,
9072,9371,14119,14119,
9072,9131,14119,14119,
9072,9132,14119,14119,
9072,9074,14119,14119,
9072,9243,14119,14119,
9072,9463,14119,14119,
9072,9521,14119,14119,
9072,9462,14119,14119,
9072,9031,14119,14119,
9072,9192,14119,14119,
9072,9203,14119,14119,
9072,9241,14119,14119,
9072,9461,14119,14119,
9072,9143,14119,14119,
9261,9021,14119,14119,
9261,9271,14119,14119,
9261,9343,14119,14119,
9261,9462,14119,14119,
9261,9501,14119,14119,
9261,9542,14119,14119,
9261,9052,14119,14119,
9261,9101,14119,14119,
9261,9262,14119,14119,
9261,9241,14119,14119,
9261,9541,14119,14119,
9261,9211,14119,14119,
9261,9321,14119,14119,
9261,9443,14119,14119,
9261,9012,14119,14119,
9261,9053,14119,14119,
9261,9142,14119,14119,
9261,9202,14119,14119,
9261,9323,14119,14119,
9261,9011,14119,14119,
9261,9051,14119,14119,
9261,9242,14119,14119,
9261,9103,14119,14119,
9261,9143,14119,14119,
9261,9543,14119,14119,
9261,9121,14119,14119,
9261,9141,14119,14119,
9261,9212,14119,14119,
9261,9213,14119,14119,
9261,9263,14119,14119,
9262,9103,14119,14119,
9262,9322,14119,14119,
9262,9372,14119,14119,
9262,9571,14119,14119,
9262,9212,14119,14119,
9262,9263,14119,14119,
9262,9533,14119,14119,
9262,9012,14119,14119,
9262,9021,14119,14119,
9262,9271,14119,14119,
9262,9501,14119,14119,
9262,9542,14119,14119,
9262,9272,14119,14119,
9262,9023,14119,14119,
9262,9122,14119,14119,
9262,9323,14119,14119,
9262,9102,14119,14119,
9262,9292,14119,14119,
9262,9331,14119,14119,
9262,9142,14119,14119,
9262,9443,14119,14119,
9262,9441,14119,14119,
9262,9022,14119,14119,
9262,9251,14119,14119,
9262,9572,14119,14119,
9262,9121,14119,14119,
9262,9213,14119,14119,
9262,9502,14119,14119,
9262,9261,14119,14119,
9262,9573,14119,14119,
9151,9202,14119,14119,
9151,9371,14119,14119,
9151,9013,14119,14119,
9151,9053,14119,14119,
9151,9152,14119,14119,
9151,9461,14119,14119,
9151,9011,14119,14119,
9151,9061,14119,14119,
9151,9142,14119,14119,
9151,9241,14119,14119,
9151,9463,14119,14119,
9151,9071,14119,14119,
9151,9073,14119,14119,
9151,9074,14119,14119,
9151,9141,14119,14119,
9151,9072,14119,14119,
9151,9132,14119,14119,
9151,9213,14119,14119,
9151,9242,14119,14119,
9151,9312,14119,14119,
9151,9192,14119,14119,
9151,9271,14119,14119,
9151,9143,14119,14119,
9151,9153,14119,14119,
9151,9243,14119,14119,
9151,9462,14119,14119,
9151,9543,14119,14119,
9292,9112,14119,14119,
9292,9123,14119,14119,
9292,9171,14119,14119,
9292,9501,14119,14119,
9292,9023,14119,14119,
9292,9503,14119,14119,
9292,9563,14119,14119,
9292,9122,14119,14119,
9292,9172,14119,14119,
9292,9272,14119,14119,
9292,9522,14119,14119,
9292,9331,14119,14119,
9292,10013,14119,14103,
9292,9162,14119,14119,
9292,9402,14119,14119,
9292,9502,14119,14119,
9292,9173,14119,14119,
9292,9253,14119,14119,
9292,9062,14119,14119,
9292,9333,14119,14119,
9292,9372,14119,14119,
9292,9262,14119,14119,
9292,9291,14119,14119,
9292,9332,14119,14119,
9292,9561,14119,14119,
9292,9273,14119,14119,
9292,9573,14119,14119,
9292,9293,14119,14119,
9292,9401,14119,14119,
9291,9162,14119,14119,
9291,9272,14119,14119,
9291,9372,14119,14119,
9291,9523,14119,14119,
9291,9152,14119,14119,
9291,9501,14119,14119,
9291,9013,14119,14119,
9291,9292,14119,14119,
9291,9522,14119,14119,
9291,9552,14119,14119,
9291,9273,14119,14119,
9291,9521,14119,14119,
9291,9061,14119,14119,
9291,9111,14119,14119,
9291,9331,14119,14119,
9291,9023,14119,14119,
9291,9032,14119,14119,
9291,9063,14119,14119,
9291,9171,14119,14119,
9291,9062,14119,14119,
9291,9123,14119,14119,
9291,9243,14119,14119,
9291,9293,14119,14119,
9291,9161,14119,14119,
9291,9113,14119,14119,
9291,9371,14119,14119,
9291,9503,14119,14119,
9291,9112,14119,14119,
9291,9121,14119,14119,
9291,9242,14119,14119,
9372,9263,14119,14119,
9372,9242,14119,14119,
9372,9123,14119,14119,
9372,9023,14119,14119,
9372,9061,14119,14119,
9372,9262,14119,14119,
9372,9272,14119,14119,
9372,9273,14119,14119,
9372,9012,14119,14119,
9372,9111,14119,14119,
9372,9121,14119,14119,
9372,9171,14119,14119,
9372,9501,14119,14119,
9372,9522,14119,14119,
9372,9271,14119,14119,
9372,9291,14119,14119,
9372,9062,14119,14119,
9372,9243,14119,14119,
9372,9013,14119,14119,
9372,9152,14119,14119,
9372,9292,14119,14119,
9372,9371,14119,14119,
9372,9373,14119,14119,
9371,9072,14119,14119,
9371,9073,14119,14119,
9371,9013,14119,14119,
9371,9263,14119,14119,
9371,9273,14119,14119,
9371,9551,14119,14119,
9371,9463,14119,14119,
9371,9192,14119,14119,
9371,9521,14119,14119,
9371,9111,14119,14119,
9371,9133,14119,14119,
9371,9152,14119,14119,
9371,9372,14119,14119,
9371,9552,14119,14119,
9371,9143,14119,14119,
9371,9153,14119,14119,
9371,9034,14119,14119,
9371,9131,14119,14119,
9371,9132,14119,14119,
9371,9031,14119,14119,
9371,9151,14119,14119,
9371,9271,14119,14119,
9371,9373,14119,14119,
9371,9061,14119,14119,
9371,9011,14119,14119,
9371,9241,14119,14119,
9371,9242,14119,14119,
9371,9243,14119,14119,
9371,9291,14119,14119,
9371,9462,14119,14119,
9373,9061,14119,14119,
9373,9073,14119,14119,
9373,9521,14119,14119,
9373,9552,14119,14119,
9373,9031,14119,14119,
9373,9062,14119,14119,
9373,9372,14119,14119,
9373,9063,14119,14119,
9373,9133,14119,14119,
9373,9192,14119,14119,
9373,9272,14119,14119,
9373,9242,14119,14119,
9373,9013,14119,14119,
9373,9243,14119,14119,
9373,9522,14119,14119,
9373,9111,14119,14119,
9373,9032,14119,14119,
9373,9553,14119,14119,
9373,9273,14119,14119,
9373,9132,14119,14119,
9373,9152,14119,14119,
9373,9371,14119,14119,
9373,9523,14119,14119,
9013,9011,14119,14119,
9013,9371,14119,14119,
9013,9152,14119,14119,
9013,9142,14119,14119,
9013,9271,14119,14119,
9013,9153,14119,14119,
9013,9062,14119,14119,
9013,9241,14119,14119,
9013,9242,14119,14119,
9013,9291,14119,14119,
9013,9061,14119,14119,
9013,9273,14119,14119,
9013,9373,14119,14119,
9013,9063,14119,14119,
9013,9132,14119,14119,
9013,9143,14119,14119,
9013,9151,14119,14119,
9013,9123,14119,14119,
9013,9372,14119,14119,
9013,9462,14119,14119,
9013,9522,14119,14119,
9013,9012,14119,14119,
9013,9121,14119,14119,
9013,9463,14119,14119,
9013,9243,14119,14119,
9013,9263,14119,14119,
9192,9131,14119,14119,
9192,9461,14119,14119,
9192,9222,14119,14119,
9192,9362,14119,14119,
9192,9061,14119,14119,
9192,9073,14119,14119,
9192,9074,14119,14119,
9192,9203,14119,14119,
9192,9551,14119,14119,
9192,9132,14119,14119,
9192,9193,14119,14119,
9192,9133,14119,14119,
9192,9371,14119,14119,
9192,9373,14119,14119,
9192,9153,14119,14119,
9192,9191,14119,14119,
9192,9072,14119,14119,
9192,9151,14119,14119,
9192,9463,14119,14119,
9192,9521,14119,14119,
9192,9031,14119,14119,
9192,9152,14119,14119,
9192,9221,14119,14119,
9192,9312,14119,14119,
9192,9382,14119,14119,
9192,9111,14119,14119,
9192,9241,14119,14119,
9192,9552,14119,14119,
9461,9071,14119,14119,
9461,9180,14119,14119,
9461,9463,14119,14119,
9461,9074,14119,14119,
9461,9141,14119,14119,
9461,9151,14119,14119,
9461,9541,14119,14119,
9461,9053,14119,14119,
9461,9192,14119,14119,
9461,9203,14119,14119,
9461,9241,14119,14119,
9461,9143,14119,14119,
9461,9188,14119,14119,
9461,9191,14119,14119,
9461,9462,14119,14119,
9461,9201,14119,14119,
9461,9072,14119,14119,
9461,9312,14119,14119,
9461,9343,14119,14119,
9461,9452,14119,14119,
9461,9131,14119,14119,
9461,9202,14119,14119,
9461,9362,14119,14119,
9461,9453,14119,14119,
9461,9543,14119,14119,
9461,9011,14119,14119,
9461,9051,14119,14119,
9461,9073,14119,14119,
9461,9153,14119,14119,
9131,9312,14119,14119,
9131,9381,14119,14119,
9131,9552,14119,14119,
9131,9132,14119,14119,
9131,9221,14119,14119,
9131,9382,14119,14119,
9131,9074,14119,14119,
9131,9143,14119,14119,
9131,9191,14119,14119,
9131,9311,14119,14119,
9131,9073,14119,14119,
9131,9521,14119,14119,
9131,9034,14119,14119,
9131,9222,14119,14119,
9131,9371,14119,14119,
9131,9192,14119,14119,
9131,9463,14119,14119,
9131,9072,14119,14119,
9131,9133,14119,14119,
9131,9203,14119,14119,
9131,9551,14119,14119,
9131,9061,14119,14119,
9131,9071,14119,14119,
9131,9153,14119,14119,
9131,9193,14119,14119,
9131,9461,14119,14119,
9131,9232,14119,14119,
9131,9313,14119,14119,
9131,9362,14119,14119,
9132,9192,14119,14119,
9132,9522,14119,14119,
9132,9061,14119,14119,
9132,9111,14119,14119,
9132,9031,14119,14119,
9132,9063,14119,14119,
9132,9131,14119,14119,
9132,9143,14119,14119,
9132,9552,14119,14119,
9132,9153,14119,14119,
9132,9462,14119,14119,
9132,9013,14119,14119,
9132,9241,14119,14119,
9132,9072,14119,14119,
9132,9463,14119,14119,
9132,9073,14119,14119,
9132,9243,14119,14119,
9132,9371,14119,14119,
9132,9373,14119,14119,
9132,9133,14119,14119,
9132,9151,14119,14119,
9132,9152,14119,14119,
9132,9521,14119,14119,
9263,9262,14119,14119,
9263,9273,14119,14119,
9263,9143,14119,14119,
9263,9542,14119,14119,
9263,9571,14119,14119,
9263,9062,14119,14119,
9263,9121,14119,14119,
9263,9123,14119,14119,
9263,9243,14119,14119,
9263,9372,14119,14119,
9263,9023,14119,14119,
9263,9213,14119,14119,
9263,9271,14119,14119,
9263,9331,14119,14119,
9263,9503,14119,14119,
9263,9543,14119,14119,
9263,9142,14119,14119,
9263,9272,14119,14119,
9263,9012,14119,14119,
9263,9261,14119,14119,
9263,9462,14119,14119,
9263,9011,14119,14119,
9263,9103,14119,14119,
9263,9122,14119,14119,
9263,9323,14119,14119,
9263,9371,14119,14119,
9263,9013,14119,14119,
9263,9242,14119,14119,
9263,9501,14119,14119,
9074,9053,14119,14119,
9074,9151,14119,14119,
9074,9071,14119,14119,
9074,9131,14119,14119,
9074,9203,14119,14119,
9074,9451,14119,14119,
9074,9192,14119,14119,
9074,9221,14119,14119,
9074,9072,14119,14119,
9074,9312,14119,14119,
9074,9362,14119,14119,
9074,9051,14119,14119,
9074,9153,14119,14119,
9074,9453,14119,14119,
9074,9543,14119,14119,
9074,9381,14119,14119,
9074,9452,14119,14119,
9074,9313,14119,14119,
9074,9541,14119,14119,
9074,9191,14119,14119,
9074,9551,14119,14119,
9074,9201,14119,14119,
9074,9232,14119,14119,
9074,9461,14119,14119,
9074,9073,14119,14119,
9074,9311,14119,14119,
9521,9032,14119,14119,
9521,9034,14119,14119,
9521,9061,14119,14119,
9521,9551,14119,14119,
9521,9031,14119,14119,
9521,9161,14119,14119,
9521,9243,14119,14119,
9521,9371,14119,14119,
9521,9063,14119,14119,
9521,9111,14119,14119,
9521,9072,14119,14119,
9521,9131,14119,14119,
9521,9463,14119,14119,
9521,9133,14119,14119,
9521,9152,14119,14119,
9521,9132,14119,14119,
9521,9522,14119,14119,
9521,9523,14119,14119,
9521,9291,14119,14119,
9521,9552,14119,14119,
9521,9073,14119,14119,
9521,9153,14119,14119,
9521,9553,14119,14119,
9521,9033,14119,14119,
9521,9192,14119,14119,
9521,9222,14119,14119,
9521,9373,14119,14119,
9522,9161,14119,14119,
9522,9171,14119,14119,
9522,9372,14119,14119,
9522,9112,14119,14119,
9522,9061,14119,14119,
9522,9123,14119,14119,
9522,9291,14119,14119,
9522,9552,14119,14119,
9522,9293,14119,14119,
9522,9031,14119,14119,
9522,9111,14119,14119,
9522,9162,14119,14119,
9522,9132,14119,14119,
9522,9273,14119,14119,
9522,9373,14119,14119,
9522,9113,14119,14119,
9522,9133,14119,14119,
9522,9292,14119,14119,
9522,9032,14119,14119,
9522,9152,14119,14119,
9522,9503,14119,14119,
9522,9521,14119,14119,
9522,9013,14119,14119,
9522,9062,14119,14119,
9522,9121,14119,14119,
9522,9243,14119,14119,
9522,9063,14119,14119,
9522,9523,14119,14119,
9162,10060,14119,14103,
9162,9291,14119,14119,
9162,9123,14119,14119,
9162,9163,14119,14119,
9162,9333,14119,14119,
9162,9332,14119,14119,
9162,9562,14119,14119,
9162,9561,14119,14119,
9162,10013,14119,14103,
9162,9161,14119,14119,
9162,9171,14119,14119,
9162,9112,14119,14119,
9162,9172,14119,14119,
9162,9401,14119,14119,
9162,10113,14119,14103,
9162,9402,14119,14119,
9162,9282,14119,14119,
9162,9522,14119,14119,
9162,9563,14119,14119,
9162,9292,14119,14119,
9162,9293,14119,14119,
9162,9032,14119,14119,
9162,9113,14119,14119,
9162,9173,14119,14119,
9162,9503,14119,14119,
9161,9291,14119,14119,
9161,9521,14119,14119,
9161,9523,14119,14119,
9161,9034,14119,14119,
9161,9112,14119,14119,
9161,9031,14119,14119,
9161,9033,14119,14119,
9161,9282,14119,14119,
9161,9522,14119,14119,
9161,9063,14119,14119,
9161,9111,14119,14119,
9161,9162,14119,14119,
9161,9163,14119,14119,
9161,9032,14119,14119,
9161,9412,14119,14119,
9161,9503,14119,14119,
9161,9553,14119,14119,
9161,9222,14119,14119,
9161,9293,14119,14119,
9161,9113,14119,14119,
9161,9123,14119,14119,
9161,9171,14119,14119,
9161,9173,14119,14119,
9161,9281,14119,14119,
9161,9563,14119,14119,
9161,9401,14119,14119,
9212,9142,14119,14119,
9212,9443,14119,14119,
9212,9342,14119,14119,
9212,9441,14119,14119,
9212,9542,14119,14119,
9212,9261,14119,14119,
9212,9021,14119,14119,
9212,9052,14119,14119,
9212,9102,14119,14119,
9212,9262,14119,14119,
9212,9012,14119,14119,
9212,9211,14119,14119,
9212,9323,14119,14119,
9212,9501,14119,14119,
9212,9533,14119,14119,
9212,9101,14119,14119,
9212,9531,14119,14119,
9212,9213,14119,14119,
9212,9322,14119,14119,
9212,9093,14119,14119,
9212,9103,14119,14119,
9212,9321,14119,14119,
9211,9202,14119,14119,
9211,9452,14119,14119,
9211,9101,14119,14119,
9211,9213,14119,14119,
9211,9093,14119,14119,
9211,9443,14119,14119,
9211,9542,14119,14119,
9211,9103,14119,14119,
9211,9212,14119,14119,
9211,10300,14119,14103,
9211,9021,14119,14119,
9211,9323,14119,14119,
9211,9011,14119,14119,
9211,9053,14119,14119,
9211,9142,14119,14119,
9211,9321,14119,14119,
9211,9341,14119,14119,
9211,9543,14119,14119,
9211,9141,14119,14119,
9211,9531,14119,14119,
9211,9541,14119,14119,
9211,9052,14119,14119,
9211,9342,14119,14119,
9211,9343,14119,14119,
9211,9051,14119,14119,
9211,9091,14119,14119,
9211,9261,14119,14119,
9052,10300,14119,14103,
9052,9053,14119,14119,
9052,9103,14119,14119,
9052,9443,14119,14119,
9052,9091,14119,14119,
9052,9101,14119,14119,
9052,9322,14119,14119,
9052,9342,14119,14119,
9052,9541,14119,14119,
9052,9202,14119,14119,
9052,9211,14119,14119,
9052,9542,14119,14119,
9052,9213,14119,14119,
9052,9343,14119,14119,
9052,9102,14119,14119,
9052,9261,14119,14119,
9052,9321,14119,14119,
9052,9142,14119,14119,
9052,9051,14119,14119,
9052,9531,14119,14119,
9052,9093,14119,14119,
9052,9212,14119,14119,
9051,10300,14119,14103,
9051,9093,14119,14119,
9051,9188,14119,14119,
9051,9011,14119,14119,
9051,9071,14119,14119,
9051,9201,14119,14119,
9051,9342,14119,14119,
9051,9211,14119,14119,
9051,9452,14119,14119,
9051,9451,14119,14119,
9051,9053,14119,14119,
9051,9091,14119,14119,
9051,9180,14119,14119,
9051,9261,14119,14119,
9051,9321,14119,14119,
9051,9341,14119,14119,
9051,9531,14119,14119,
9051,9052,14119,14119,
9051,9141,14119,14119,
9051,9203,14119,14119,
9051,9343,14119,14119,
9051,9461,14119,14119,
9051,9202,14119,14119,
9051,9312,14119,14119,
9051,9362,14119,14119,
9051,9074,14119,14119,
9051,9101,14119,14119,
9051,9422,14119,14119,
9051,9541,14119,14119,
9041,9233,14119,14119,
9041,9231,14119,14119,
9041,9361,14119,14119,
9041,9383,14119,14119,
9041,9313,14119,14119,
9041,9363,14119,14119,
9041,10120,14119,14103,
9041,9232,14119,14119,
9041,9413,14119,14119,
9041,9553,14119,14119,
9041,9300,14119,14119,
9041,9381,14119,14119,
9041,9034,14119,14119,
9041,9043,14119,14119,
9041,9391,14119,14119,
9041,9392,14119,14119,
9041,9223,14119,14119,
9041,9042,14119,14119,
9041,9221,14119,14119,
9041,9281,14119,14119,
9041,9382,14119,14119,
9041,9393,14119,14119,
9041,9080,14119,14119,
9041,9193,14119,14119,
9041,9411,14119,14119,
9332,10293,14119,14103,
9332,9502,14119,14119,
9332,9292,14119,14119,
9332,9561,14119,14119,
9332,10111,14119,14103,
9332,10283,14119,14103,
9332,9252,14119,14119,
9332,10281,14119,14103,
9332,9171,14119,14119,
9332,9573,14119,14119,
9332,10090,14119,14103,
9332,9562,14119,14119,
9332,10250,14119,14103,
9332,9022,14119,14119,
9332,9572,14119,14119,
9332,10113,14119,14103,
9332,9253,14119,14119,
9332,10013,14119,14103,
9332,10112,14119,14103,
9332,10292,14119,14103,
9332,10060,14119,14103,
9332,10258,14119,14103,
9332,9122,14119,14119,
9332,9172,14119,14119,
9332,9402,14119,14119,
9332,10011,14119,14103,
9332,10282,14119,14103,
9332,9162,14119,14119,
9332,9331,14119,14119,
9332,9333,14119,14119,
9331,9022,14119,14119,
9331,9023,14119,14119,
9331,9272,14119,14119,
9331,9291,14119,14119,
9331,9333,14119,14119,
9331,9503,14119,14119,
9331,10111,14119,14103,
9331,9062,14119,14119,
9331,9112,14119,14119,
9331,9263,14119,14119,
9331,9561,14119,14119,
9331,9573,14119,14119,
9331,10113,14119,14103,
9331,9121,14119,14119,
9331,9323,14119,14119,
9331,9103,14119,14119,
9331,9171,14119,14119,
9331,9262,14119,14119,
9331,9111,14119,14119,
9331,9122,14119,14119,
9331,9292,14119,14119,
9331,10281,14119,14103,
9331,9571,14119,14119,
9331,9253,14119,14119,
9331,9502,14119,14119,
9331,9172,14119,14119,
9331,9501,14119,14119,
9331,9123,14119,14119,
9331,9251,14119,14119,
9331,9332,14119,14119,
9333,9172,14119,14119,
9333,9562,14119,14119,
9333,9163,14119,14119,
9333,9503,14119,14119,
9333,10113,14119,14103,
9333,9162,14119,14119,
9333,9171,14119,14119,
9333,9292,14119,14119,
9333,9502,14119,14119,
9333,9123,14119,14119,
9333,9173,14119,14119,
9333,9293,14119,14119,
9333,10283,14119,14103,
9333,9112,14119,14119,
9333,9122,14119,14119,
9333,9331,14119,14119,
9333,9561,14119,14119,
9333,9563,14119,14119,
9333,10013,14119,14103,
9333,10090,14119,14103,
9333,9253,14119,14119,
9333,9332,14119,14119,
9333,9401,14119,14119,
9333,10060,14119,14103,
9333,9402,14119,14119,
9333,9573,14119,14119,
9221,9133,14119,14119,
9221,9363,14119,14119,
9221,9393,14119,14119,
9221,9383,14119,14119,
9221,9392,14119,14119,
9221,9231,14119,14119,
9221,9300,14119,14119,
9221,9362,14119,14119,
9221,9034,14119,14119,
9221,9313,14119,14119,
9221,9041,14119,14119,
9221,9232,14119,14119,
9221,9391,14119,14119,
9221,9453,14119,14119,
9221,9553,14119,14119,
9221,9131,14119,14119,
9221,9223,14119,14119,
9221,9382,14119,14119,
9221,9381,14119,14119,
9221,9551,14119,14119,
9221,9073,14119,14119,
9221,9191,14119,14119,
9221,9193,14119,14119,
9221,9222,14119,14119,
9221,9411,14119,14119,
9221,9074,14119,14119,
9221,9192,14119,14119,
9221,9311,14119,14119,
9222,9133,14119,14119,
9222,9221,14119,14119,
9222,9032,14119,14119,
9222,9034,14119,14119,
9222,9193,14119,14119,
9222,9113,14119,14119,
9222,9392,14119,14119,
9222,9521,14119,14119,
9222,9553,14119,14119,
9222,9131,14119,14119,
9222,9192,14119,14119,
9222,9411,14119,14119,
9222,9412,14119,14119,
9222,9031,14119,14119,
9222,9152,14119,14119,
9222,9282,14119,14119,
9222,9042,14119,14119,
9222,9281,14119,14119,
9222,9552,14119,14119,
9222,9223,14119,14119,
9222,9161,14119,14119,
9222,9382,14119,14119,
9222,9523,14119,14119,
9222,9551,14119,14119,
9222,9033,14119,14119,
9342,10130,14119,14103,
9342,9443,14119,14119,
9342,9052,14119,14119,
9342,9101,14119,14119,
9342,9102,14119,14119,
9342,9211,14119,14119,
9342,9341,14119,14119,
9342,9343,14119,14119,
9342,9051,14119,14119,
9342,9212,14119,14119,
9342,9531,14119,14119,
9342,9542,14119,14119,
9342,9202,14119,14119,
9342,9321,14119,14119,
9342,9322,14119,14119,
9342,9452,14119,14119,
9342,9093,14119,14119,
9342,9180,14119,14119,
9342,10300,14119,14103,
9342,9188,14119,14119,
9342,10138,14119,14103,
9342,9091,14119,14119,
9342,9092,14119,14119,
9342,9103,14119,14119,
9343,9071,14119,14119,
9343,9101,14119,14119,
9343,9180,14119,14119,
9343,9261,14119,14119,
9343,9362,14119,14119,
9343,9451,14119,14119,
9343,9461,14119,14119,
9343,9051,14119,14119,
9343,9053,14119,14119,
9343,9093,14119,14119,
9343,9211,14119,14119,
9343,9342,14119,14119,
9343,9052,14119,14119,
9343,9188,14119,14119,
9343,9103,14119,14119,
9343,9452,14119,14119,
9343,9141,14119,14119,
9343,9311,14119,14119,
9343,9321,14119,14119,
9343,9341,14119,14119,
9343,9011,14119,14119,
9343,9541,14119,14119,
9343,9453,14119,14119,
9343,9202,14119,14119,
9343,9361,14119,14119,
9343,9080,14119,14119,
9343,9201,14119,14119,
9343,9203,14119,14119,
9343,9312,14119,14119,
9341,9423,14119,14119,
9341,9141,14119,14119,
9341,9211,14119,14119,
9341,9343,14119,14119,
9341,9531,14119,14119,
9341,9051,14119,14119,
9341,9202,14119,14119,
9341,9321,14119,14119,
9341,9342,14119,14119,
9341,10300,14119,14103,
9341,9091,14119,14119,
9341,9180,14119,14119,
9341,9188,14119,14119,
9341,9201,14119,14119,
9341,9422,14119,14119,
9341,9451,14119,14119,
9341,9101,14119,14119,
9341,10130,14119,14103,
9341,10138,14119,14103,
9341,9361,14119,14119,
9341,9541,14119,14119,
9341,9080,14119,14119,
9341,9452,14119,14119,
9101,9321,14119,14119,
9101,9343,14119,14119,
9101,9443,14119,14119,
9101,9541,14119,14119,
9101,9202,14119,14119,
9101,9091,14119,14119,
9101,9452,14119,14119,
9101,9341,14119,14119,
9101,9342,14119,14119,
9101,9531,14119,14119,
9101,9051,14119,14119,
9101,9103,14119,14119,
9101,9211,14119,14119,
9101,10300,14119,14103,
9101,9052,14119,14119,
9101,9201,14119,14119,
9101,9093,14119,14119,
9101,9102,14119,14119,
9101,9212,14119,14119,
9101,10138,14119,14103,
9101,9180,14119,14119,
9101,9422,14119,14119,
9101,9542,14119,14119,
9101,10130,14119,14103,
9101,9261,14119,14119,
9101,9188,14119,14119,
9101,9451,14119,14119,
9101,9053,14119,14119,
9101,9141,14119,14119,
9102,9532,14119,14119,
9102,9022,14119,14119,
9102,9322,14119,14119,
9102,9441,14119,14119,
9102,9533,14119,14119,
9102,9342,14119,14119,
9102,9443,14119,14119,
9102,9091,14119,14119,
9102,9092,14119,14119,
9102,9252,14119,14119,
9102,9262,14119,14119,
9102,9321,14119,14119,
9102,9571,14119,14119,
9102,10011,14119,14103,
9102,9093,14119,14119,
9102,9572,14119,14119,
9102,10281,14119,14103,
9102,9531,14119,14119,
9102,10111,14119,14103,
9102,9021,14119,14119,
9102,9052,14119,14119,
9102,10300,14119,14103,
9102,9101,14119,14119,
9102,9103,14119,14119,
9102,9212,14119,14119,
9102,10220,14119,14103,
9102,10293,14119,14103,
9102,9251,14119,14119,
9363,9193,14119,14119,
9363,9231,14119,14119,
9363,9300,14119,14119,
9363,9311,14119,14119,
9363,9080,14119,14119,
9363,9041,14119,14119,
9363,9233,14119,14119,
9363,9391,14119,14119,
9363,10120,14119,14103,
9363,9383,14119,14119,
9363,9382,14119,14119,
9363,9432,14119,14119,
9363,9453,14119,14119,
9363,9042,14119,14119,
9363,9221,14119,14119,
9363,9362,14119,14119,
9363,9381,14119,14119,
9363,9361,14119,14119,
9363,9232,14119,14119,
9363,9313,14119,14119,
9363,9191,14119,14119,
9363,9203,14119,14119,
9363,9393,14119,14119,
9053,9074,14119,14119,
9053,9343,14119,14119,
9053,9462,14119,14119,
9053,9543,14119,14119,
9053,9071,14119,14119,
9053,9101,14119,14119,
9053,9202,14119,14119,
9053,9362,14119,14119,
9053,9213,14119,14119,
9053,9151,14119,14119,
9053,9142,14119,14119,
9053,9461,14119,14119,
9053,9541,14119,14119,
9053,9072,14119,14119,
9053,9103,14119,14119,
9053,9141,14119,14119,
9053,9211,14119,14119,
9053,9241,14119,14119,
9053,9542,14119,14119,
9053,9052,14119,14119,
9053,9261,14119,14119,
9053,9203,14119,14119,
9053,9242,14119,14119,
9053,9312,14119,14119,
9053,9011,14119,14119,
9053,9051,14119,14119,
9053,9191,14119,14119,
9053,9452,14119,14119,
9411,9193,14119,14119,
9411,9133,14119,14119,
9411,9393,14119,14119,
9411,9043,14119,14119,
9411,9391,14119,14119,
9411,9222,14119,14119,
9411,9413,14119,14119,
9411,9553,14119,14119,
9411,9034,14119,14119,
9411,9221,14119,14119,
9411,9382,14119,14119,
9411,9232,14119,14119,
9411,9551,14119,14119,
9411,9033,14119,14119,
9411,9223,14119,14119,
9411,9383,14119,14119,
9411,9042,14119,14119,
9411,9233,14119,14119,
9411,9281,14119,14119,
9411,9041,14119,14119,
9411,9392,14119,14119,
9411,9412,14119,14119,
9412,9161,14119,14119,
9412,9223,14119,14119,
9412,9111,14119,14119,
9412,9222,14119,14119,
9412,9133,14119,14119,
9412,9293,14119,14119,
9412,9392,14119,14119,
9412,9042,14119,14119,
9412,9413,14119,14119,
9412,9411,14119,14119,
9412,9033,14119,14119,
9412,9034,14119,14119,
9412,9113,14119,14119,
9412,9552,14119,14119,
9412,9063,14119,14119,
9412,9031,14119,14119,
9412,9281,14119,14119,
9412,9553,14119,14119,
9412,9282,14119,14119,
9412,9401,14119,14119,
9412,9032,14119,14119,
9412,9163,14119,14119,
9412,9523,14119,14119,
9203,9053,14119,14119,
9203,9073,14119,14119,
9203,9074,14119,14119,
9203,9231,14119,14119,
9203,9141,14119,14119,
9203,9461,14119,14119,
9203,9191,14119,14119,
9203,9192,14119,14119,
9203,9201,14119,14119,
9203,9423,14119,14119,
9203,9541,14119,14119,
9203,9071,14119,14119,
9203,9232,14119,14119,
9203,9313,14119,14119,
9203,9343,14119,14119,
9203,9361,14119,14119,
9203,9241,14119,14119,
9203,9362,14119,14119,
9203,9363,14119,14119,
9203,9543,14119,14119,
9203,9311,14119,14119,
9203,9312,14119,14119,
9203,9381,14119,14119,
9203,9452,14119,14119,
9203,9072,14119,14119,
9203,9453,14119,14119,
9203,9051,14119,14119,
9203,9131,14119,14119,
9203,9202,14119,14119,
9201,10300,14119,14103,
9201,9231,14119,14119,
9201,9452,14119,14119,
9201,9202,14119,14119,
9201,9343,14119,14119,
9201,9071,14119,14119,
9201,9080,14119,14119,
9201,9101,14119,14119,
9201,9311,14119,14119,
9201,9074,14119,14119,
9201,9313,14119,14119,
9201,9541,14119,14119,
9201,9180,14119,14119,
9201,9188,14119,14119,
9201,9422,14119,14119,
9201,9423,14119,14119,
9201,9341,14119,14119,
9201,9091,14119,14119,
9201,9203,14119,14119,
9201,9362,14119,14119,
9201,9051,14119,14119,
9201,9141,14119,14119,
9201,9361,14119,14119,
9201,9431,14119,14119,
9201,9451,14119,14119,
9201,9191,14119,14119,
9201,9453,14119,14119,
9201,9381,14119,14119,
9201,9461,14119,14119,
9202,9011,14119,14119,
9202,9141,14119,14119,
9202,9151,14119,14119,
9202,9461,14119,14119,
9202,9211,14119,14119,
9202,9362,14119,14119,
9202,9180,14119,14119,
9202,9188,14119,14119,
9202,9312,14119,14119,
9202,9072,14119,14119,
9202,9203,14119,14119,
9202,9543,14119,14119,
9202,10138,14119,14103,
9202,9071,14119,14119,
9202,9342,14119,14119,
9202,9542,14119,14119,
9202,9051,14119,14119,
9202,9213,14119,14119,
9202,9261,14119,14119,
9202,9462,14119,14119,
9202,9201,14119,14119,
9202,9241,14119,14119,
9202,9052,14119,14119,
9202,9053,14119,14119,
9202,9343,14119,14119,
9202,9101,14119,14119,
9202,9341,14119,14119,
9202,9452,14119,14119,
9202,9541,14119,14119,
9231,9233,14119,14119,
9231,9381,14119,14119,
9231,9188,14119,14119,
9231,9311,14119,14119,
9231,9361,14119,14119,
9231,9362,14119,14119,
9231,9431,14119,14119,
9231,9453,14119,14119,
9231,9191,14119,14119,
9231,9232,14119,14119,
9231,9313,14119,14119,
9231,9423,14119,14119,
9231,9180,14119,14119,
9231,9300,14119,14119,
9231,9221,14119,14119,
9231,9432,14119,14119,
9231,9203,14119,14119,
9231,9080,14119,14119,
9231,9363,14119,14119,
9231,9451,14119,14119,
9231,9041,14119,14119,
9231,9201,14119,14119,
9231,9391,14119,14119,
9233,9080,14119,14119,
9233,9223,14119,14119,
9233,9231,14119,14119,
9233,9300,14119,14119,
9233,9313,14119,14119,
9233,9041,14119,14119,
9233,9393,14119,14119,
9233,9191,14119,14119,
9233,9363,14119,14119,
9233,9391,14119,14119,
9233,9383,14119,14119,
9233,9413,14119,14119,
9233,9432,14119,14119,
9233,9232,14119,14119,
9233,9431,14119,14119,
9233,10120,14119,14103,
9233,9043,14119,14119,
9233,9281,14119,14119,
9233,9381,14119,14119,
9233,9411,14119,14119,
9232,9191,14119,14119,
9232,9043,14119,14119,
9232,9233,14119,14119,
9232,9313,14119,14119,
9232,9392,14119,14119,
9232,9042,14119,14119,
9232,9231,14119,14119,
9232,9382,14119,14119,
9232,9383,14119,14119,
9232,9312,14119,14119,
9232,9391,14119,14119,
9232,9411,14119,14119,
9232,9393,14119,14119,
9232,9300,14119,14119,
9232,9362,14119,14119,
9232,9363,14119,14119,
9232,9381,14119,14119,
9232,9551,14119,14119,
9232,9041,14119,14119,
9232,9221,14119,14119,
9232,9223,14119,14119,
9232,9203,14119,14119,
9232,9361,14119,14119,
9232,9074,14119,14119,
9232,9131,14119,14119,
9232,9193,14119,14119,
9232,9453,14119,14119,
9321,9091,14119,14119,
9321,9093,14119,14119,
9321,9142,14119,14119,
9321,9213,14119,14119,
9321,9211,14119,14119,
9321,9323,14119,14119,
9321,9052,14119,14119,
9321,9188,14119,14119,
9321,9542,14119,14119,
9321,9021,14119,14119,
9321,9322,14119,14119,
9321,9531,14119,14119,
9321,9501,14119,14119,
9321,9342,14119,14119,
9321,9343,14119,14119,
9321,9101,14119,14119,
9321,9180,14119,14119,
9321,9341,14119,14119,
9321,9443,14119,14119,
9321,9102,14119,14119,
9321,9212,14119,14119,
9321,9051,14119,14119,
9321,9103,14119,14119,
9321,9261,14119,14119,
9323,9501,14119,14119,
9323,9023,14119,14119,
9323,9121,14119,14119,
9323,9212,14119,14119,
9323,9213,14119,14119,
9323,9211,14119,14119,
9323,9261,14119,14119,
9323,9272,14119,14119,
9323,9022,14119,14119,
9323,9443,14119,14119,
9323,9542,14119,14119,
9323,9012,14119,14119,
9323,9142,14119,14119,
9323,9242,14119,14119,
9323,9271,14119,14119,
9323,9533,14119,14119,
9323,9262,14119,14119,
9323,9103,14119,14119,
9323,9322,14119,14119,
9323,9011,14119,14119,
9323,9021,14119,14119,
9323,9263,14119,14119,
9323,9122,14119,14119,
9323,9321,14119,14119,
9323,9331,14119,14119,
9323,9571,14119,14119,
9323,9462,14119,14119,
9322,9441,14119,14119,
9322,9103,14119,14119,
9322,9532,14119,14119,
9322,9251,14119,14119,
9322,9093,14119,14119,
9322,9212,14119,14119,
9322,9021,14119,14119,
9322,9102,14119,14119,
9322,9272,14119,14119,
9322,9052,14119,14119,
9322,9321,14119,14119,
9322,9012,14119,14119,
9322,9213,14119,14119,
9322,9443,14119,14119,
9322,9571,14119,14119,
9322,9092,14119,14119,
9322,9531,14119,14119,
9322,9533,14119,14119,
9322,9022,14119,14119,
9322,9023,14119,14119,
9322,9121,14119,14119,
9322,9262,14119,14119,
9322,9323,14119,14119,
9322,9342,14119,14119,
9322,9501,14119,14119,
9213,9211,14119,14119,
9213,9262,14119,14119,
9213,9323,14119,14119,
9213,9021,14119,14119,
9213,9151,14119,14119,
9213,9322,14119,14119,
9213,9011,14119,14119,
9213,9103,14119,14119,
9213,9012,14119,14119,
9213,9241,14119,14119,
9213,9052,14119,14119,
9213,9121,14119,14119,
9213,9212,14119,14119,
9213,9261,14119,14119,
9213,9462,14119,14119,
9213,9143,14119,14119,
9213,9202,14119,14119,
9213,9242,14119,14119,
9213,9263,14119,14119,
9213,9321,14119,14119,
9213,9053,14119,14119,
9213,9271,14119,14119,
9213,9542,14119,14119,
9213,9543,14119,14119,
9213,9141,14119,14119,
9213,9142,14119,14119,
9213,9443,14119,14119,
9213,9501,14119,14119,
9392,9034,14119,14119,
9392,9223,14119,14119,
9392,9033,14119,14119,
9392,9232,14119,14119,
9392,9393,14119,14119,
9392,9281,14119,14119,
9392,9412,14119,14119,
9392,9382,14119,14119,
9392,9221,14119,14119,
9392,9313,14119,14119,
9392,9383,14119,14119,
9392,9553,14119,14119,
9392,9193,14119,14119,
9392,9041,14119,14119,
9392,9391,14119,14119,
9392,9551,14119,14119,
9392,9222,14119,14119,
9392,9411,14119,14119,
9392,9042,14119,14119,
9392,9043,14119,14119,
9391,9223,14119,14119,
9391,9300,14119,14119,
9391,9383,14119,14119,
9391,9221,14119,14119,
9391,9313,14119,14119,
9391,9361,14119,14119,
9391,9381,14119,14119,
9391,9451,14119,14119,
9391,9080,14119,14119,
9391,9393,14119,14119,
9391,9232,14119,14119,
9391,9363,14119,14119,
9391,9233,14119,14119,
9391,9311,14119,14119,
9391,9392,14119,14119,
9391,10120,14119,14103,
9391,9231,14119,14119,
9391,9193,14119,14119,
9391,9411,14119,14119,
9391,9453,14119,14119,
9391,9041,14119,14119,
9393,10120,14119,14103,
9393,9233,14119,14119,
9393,9363,14119,14119,
9393,9232,14119,14119,
9393,9413,14119,14119,
9393,9300,14119,14119,
9393,9041,14119,14119,
9393,9043,14119,14119,
9393,9281,14119,14119,
9393,9411,14119,14119,
9393,9042,14119,14119,
9393,9223,14119,14119,
9393,9221,14119,14119,
9393,9383,14119,14119,
9393,9391,14119,14119,
9393,9283,14119,14119,
9393,9392,14119,14119,
9543,9011,14119,14119,
9543,9072,14119,14119,
9543,9261,14119,14119,
9543,9202,14119,14119,
9543,9271,14119,14119,
9543,9463,14119,14119,
9543,9541,14119,14119,
9543,9542,14119,14119,
9543,9071,14119,14119,
9543,9074,14119,14119,
9543,9012,14119,14119,
9543,9211,14119,14119,
9543,9143,14119,14119,
9543,9203,14119,14119,
9543,9462,14119,14119,
9543,9312,14119,14119,
9543,9142,14119,14119,
9543,9213,14119,14119,
9543,9241,14119,14119,
9543,9263,14119,14119,
9543,9053,14119,14119,
9543,9151,14119,14119,
9543,9461,14119,14119,
9543,9141,14119,14119,
9163,9161,14119,14119,
9163,10060,14119,14103,
9163,9413,14119,14119,
9163,9113,14119,14119,
9163,9173,14119,14119,
9163,9403,14119,14119,
9163,10070,14119,14103,
9163,9402,14119,14119,
9163,9563,14119,14119,
9163,10120,14119,14103,
9163,9282,14119,14119,
9163,9333,14119,14119,
9163,9412,14119,14119,
9163,9562,14119,14119,
9163,9162,14119,14119,
9163,10078,14119,14103,
9163,10150,14119,14103,
9163,10158,14119,14103,
9163,9293,14119,14119,
9163,9401,14119,14119,
9163,9283,14119,14119,
9163,9523,14119,14119,
9362,9180,14119,14119,
9362,9203,14119,14119,
9362,9231,14119,14119,
9362,9311,14119,14119,
9362,9361,14119,14119,
9362,9071,14119,14119,
9362,9192,14119,14119,
9362,9313,14119,14119,
9362,9461,14119,14119,
9362,9080,14119,14119,
9362,9202,14119,14119,
9362,9381,14119,14119,
9362,9201,14119,14119,
9362,9053,14119,14119,
9362,9382,14119,14119,
9362,9141,14119,14119,
9362,9191,14119,14119,
9362,9188,14119,14119,
9362,9232,14119,14119,
9362,9051,14119,14119,
9362,9131,14119,14119,
9362,9193,14119,14119,
9362,9312,14119,14119,
9362,9074,14119,14119,
9362,9221,14119,14119,
9362,9343,14119,14119,
9362,9363,14119,14119,
9362,9452,14119,14119,
9362,9453,14119,14119,
9361,9041,14119,14119,
9361,9313,14119,14119,
9361,9423,14119,14119,
9361,9451,14119,14119,
9361,9188,14119,14119,
9361,9391,14119,14119,
9361,9452,14119,14119,
9361,9381,14119,14119,
9361,9201,14119,14119,
9361,9363,14119,14119,
9361,9191,14119,14119,
9361,9203,14119,14119,
9361,9431,14119,14119,
9361,9453,14119,14119,
9361,9180,14119,14119,
9361,9231,14119,14119,
9361,9422,14119,14119,
9361,9232,14119,14119,
9361,9311,14119,14119,
9361,9362,14119,14119,
9361,9080,14119,14119,
9361,9300,14119,14119,
9361,9343,14119,14119,
9361,9341,14119,14119,
9572,10283,14119,14103,
9572,9332,14119,14119,
9572,10011,14119,14103,
9572,9122,14119,14119,
9572,9251,14119,14119,
9572,9262,14119,14119,
9572,9533,14119,14119,
9572,10293,14119,14103,
9572,9022,14119,14119,
9572,9102,14119,14119,
9572,10013,14119,14103,
9572,9093,14119,14119,
9572,9253,14119,14119,
9572,9502,14119,14119,
9572,9092,14119,14119,
9572,9252,14119,14119,
9572,9561,14119,14119,
9572,9441,14119,14119,
9572,9532,14119,14119,
9572,9573,14119,14119,
9572,9571,14119,14119,
9572,10281,14119,14103,
9572,10111,14119,14103,
9572,10113,14119,14103,
9571,9272,14119,14119,
9571,9322,14119,14119,
9571,10111,14119,14103,
9571,9253,14119,14119,
9571,9262,14119,14119,
9571,9323,14119,14119,
9571,9501,14119,14119,
9571,9093,14119,14119,
9571,9103,14119,14119,
9571,9123,14119,14119,
9571,9441,14119,14119,
9571,9531,14119,14119,
9571,9102,14119,14119,
9571,9122,14119,14119,
9571,9263,14119,14119,
9571,9573,14119,14119,
9571,9023,14119,14119,
9571,9502,14119,14119,
9571,9533,14119,14119,
9571,9572,14119,14119,
9571,9021,14119,14119,
9571,9022,14119,14119,
9571,9443,14119,14119,
9571,9121,14119,14119,
9571,9251,14119,14119,
9571,9273,14119,14119,
9571,9331,14119,14119,
9571,9091,14119,14119,
9573,9023,14119,14119,
9573,9333,14119,14119,
9573,9571,14119,14119,
9573,10283,14119,14103,
9573,9172,14119,14119,
9573,9122,14119,14119,
9573,9251,14119,14119,
9573,9533,14119,14119,
9573,9022,14119,14119,
9573,9123,14119,14119,
9573,9253,14119,14119,
9573,9272,14119,14119,
9573,10013,14119,14103,
9573,10090,14119,14103,
9573,9332,14119,14119,
9573,9112,14119,14119,
9573,9292,14119,14119,
9573,9501,14119,14119,
9573,10060,14119,14103,
9573,9331,14119,14119,
9573,9502,14119,14119,
9573,9561,14119,14119,
9573,9171,14119,14119,
9573,9262,14119,14119,
9573,9503,14119,14119,
9573,10113,14119,14103,
9573,9093,14119,14119,
9573,9572,14119,14119,
9443,9023,14119,14119,
9443,9251,14119,14119,
9443,9322,14119,14119,
9443,9211,14119,14119,
9443,9271,14119,14119,
9443,9321,14119,14119,
9443,9571,14119,14119,
9443,9142,14119,14119,
9443,9501,14119,14119,
9443,9021,14119,14119,
9443,9093,14119,14119,
9443,9441,14119,14119,
9443,9531,14119,14119,
9443,9103,14119,14119,
9443,9272,14119,14119,
9443,9533,14119,14119,
9443,9022,14119,14119,
9443,9212,14119,14119,
9443,9213,14119,14119,
9443,9101,14119,14119,
9443,9342,14119,14119,
9443,9542,14119,14119,
9443,9012,14119,14119,
9443,9052,14119,14119,
9443,9121,14119,14119,
9443,9323,14119,14119,
9443,9102,14119,14119,
9443,9261,14119,14119,
9443,9262,14119,14119,
9441,9262,14119,14119,
9441,10111,14119,14103,
9441,9253,14119,14119,
9441,9212,14119,14119,
9441,9122,14119,14119,
9441,9443,14119,14119,
9441,9531,14119,14119,
9441,9251,14119,14119,
9441,9322,14119,14119,
9441,9532,14119,14119,
9441,9533,14119,14119,
9441,9022,14119,14119,
9441,9092,14119,14119,
9441,9102,14119,14119,
9441,9252,14119,14119,
9441,10011,14119,14103,
9441,10220,14119,14103,
9441,9093,14119,14119,
9441,9572,14119,14119,
9441,9021,14119,14119,
9441,9571,14119,14119,
9042,9223,14119,14119,
9042,9283,14119,14119,
9042,9043,14119,14119,
9042,9222,14119,14119,
9042,9282,14119,14119,
9042,9553,14119,14119,
9042,9232,14119,14119,
9042,9393,14119,14119,
9042,9281,14119,14119,
9042,9382,14119,14119,
9042,9363,14119,14119,
9042,9392,14119,14119,
9042,9034,14119,14119,
9042,9552,14119,14119,
9042,9411,14119,14119,
9042,9413,14119,14119,
9042,9041,14119,14119,
9042,9113,14119,14119,
9042,9033,14119,14119,
9042,9133,14119,14119,
9042,9193,14119,14119,
9042,9383,14119,14119,
9042,9412,14119,14119,
9043,10078,14119,14103,
9043,9041,14119,14119,
9043,9042,14119,14119,
9043,9413,14119,14119,
9043,9393,14119,14119,
9043,4392,14119,14084,
9043,9033,14119,14119,
9043,9232,14119,14119,
9043,10070,14119,14103,
9043,9300,14119,14119,
9043,9392,14119,14119,
9043,9411,14119,14119,
9043,9281,14119,14119,
9043,9283,14119,14119,
9043,9233,14119,14119,
9043,9432,14119,14119,
9043,10120,14119,14103,
9043,9034,14119,14119,
9043,9223,14119,14119,
9043,9282,14119,14119,
9043,9383,14119,14119,
9223,9222,14119,14119,
9223,9281,14119,14119,
9223,9382,14119,14119,
9223,9383,14119,14119,
9223,9034,14119,14119,
9223,9392,14119,14119,
9223,9042,14119,14119,
9223,9193,14119,14119,
9223,10120,14119,14103,
9223,9411,14119,14119,
9223,9551,14119,14119,
9223,9033,14119,14119,
9223,9043,14119,14119,
9223,9413,14119,14119,
9223,9391,14119,14119,
9223,9393,14119,14119,
9223,9553,14119,14119,
9223,9232,14119,14119,
9223,9412,14119,14119,
9223,9041,14119,14119,
9223,9221,14119,14119,
9223,9233,14119,14119,
9223,9282,14119,14119,
9382,9133,14119,14119,
9382,9232,14119,14119,
9382,9363,14119,14119,
9382,9041,14119,14119,
9382,9131,14119,14119,
9382,9153,14119,14119,
9382,9193,14119,14119,
9382,9383,14119,14119,
9382,9551,14119,14119,
9382,9192,14119,14119,
9382,9552,14119,14119,
9382,9042,14119,14119,
9382,9223,14119,14119,
9382,9034,14119,14119,
9382,9222,14119,14119,
9382,9221,14119,14119,
9382,9362,14119,14119,
9382,9033,14119,14119,
9382,9411,14119,14119,
9382,9073,14119,14119,
9382,9312,14119,14119,
9382,9031,14119,14119,
9382,9191,14119,14119,
9382,9381,14119,14119,
9382,9392,14119,14119,
9382,9313,14119,14119,
9382,9553,14119,14119,
9381,9188,14119,14119,
9381,9201,14119,14119,
9381,9080,14119,14119,
9381,9131,14119,14119,
9381,9363,14119,14119,
9381,9233,14119,14119,
9381,9362,14119,14119,
9381,9391,14119,14119,
9381,9203,14119,14119,
9381,9231,14119,14119,
9381,9453,14119,14119,
9381,9191,14119,14119,
9381,9221,14119,14119,
9381,9041,14119,14119,
9381,9313,14119,14119,
9381,9034,14119,14119,
9381,9232,14119,14119,
9381,9383,14119,14119,
9381,9074,14119,14119,
9381,9451,14119,14119,
9381,9193,14119,14119,
9381,9300,14119,14119,
9381,9551,14119,14119,
9381,9180,14119,14119,
9381,9382,14119,14119,
9381,9311,14119,14119,
9381,9312,14119,14119,
9381,9361,14119,14119,
9103,9053,14119,14119,
9103,9121,14119,14119,
9103,9443,14119,14119,
9103,9533,14119,14119,
9103,9023,14119,14119,
9103,9052,14119,14119,
9103,9102,14119,14119,
9103,9142,14119,14119,
9103,9322,14119,14119,
9103,9323,14119,14119,
9103,9343,14119,14119,
9103,9261,14119,14119,
9103,9263,14119,14119,
9103,9271,14119,14119,
9103,9212,14119,14119,
9103,9342,14119,14119,
9103,9022,14119,14119,
9103,9211,14119,14119,
9103,9542,14119,14119,
9103,9141,14119,14119,
9103,9321,14119,14119,
9103,9331,14119,14119,
9103,9571,14119,14119,
9103,9213,14119,14119,
9103,9011,14119,14119,
9103,9012,14119,14119,
9103,9021,14119,14119,
9103,9101,14119,14119,
9103,9262,14119,14119,
9413,9034,14119,14119,
9413,10070,14119,14103,
9413,9300,14119,14119,
9413,9223,14119,14119,
9413,9411,14119,14119,
9413,10120,14119,14103,
9413,9403,14119,14119,
9413,9233,14119,14119,
9413,9282,14119,14119,
9413,9401,14119,14119,
9413,9412,14119,14119,
9413,9393,14119,14119,
9413,10078,14119,14103,
9413,9042,14119,14119,
9413,9043,14119,14119,
9413,9163,14119,14119,
9413,9283,14119,14119,
9413,9113,14119,14119,
9413,9033,14119,14119,
9413,9041,14119,14119,
9413,9281,14119,14119,
9402,10281,14119,14103,
9402,9561,14119,14119,
9402,9162,14119,14119,
9402,9172,14119,14119,
9402,9173,14119,14119,
9402,9401,14119,14119,
9402,9563,14119,14119,
9402,10021,14119,14103,
9402,10060,14119,14103,
9402,9562,14119,14119,
9402,10113,14119,14103,
9402,9163,14119,14119,
9402,9282,14119,14119,
9402,10250,14119,14103,
9402,9292,14119,14119,
9402,10013,14119,14103,
9402,10268,14119,14103,
9402,9332,14119,14119,
9402,10258,14119,14103,
9402,10283,14119,14103,
9402,9112,14119,14119,
9402,9403,14119,14119,
9402,10090,14119,14103,
9402,10260,14119,14103,
9402,9293,14119,14119,
9402,9333,14119,14119,
9401,9171,14119,14119,
9401,9113,14119,14119,
9401,9292,14119,14119,
9401,9403,14119,14119,
9401,9162,14119,14119,
9401,9402,14119,14119,
9401,9523,14119,14119,
9401,9032,14119,14119,
9401,9163,14119,14119,
9401,9412,14119,14119,
9401,9413,14119,14119,
9401,9563,14119,14119,
9401,9283,14119,14119,
9401,10120,14119,14103,
9401,9282,14119,14119,
9401,9333,14119,14119,
9401,9503,14119,14119,
9401,9562,14119,14119,
9401,10060,14119,14103,
9401,9112,14119,14119,
9401,9293,14119,14119,
9401,10283,14119,14103,
9401,9161,14119,14119,
9401,9173,14119,14119,
9403,9402,14119,14119,
9403,9562,14119,14119,
9403,10078,14119,14103,
9403,9401,14119,14119,
9403,10070,14119,14103,
9403,10150,14119,14103,
9403,9113,14119,14119,
9403,9173,14119,14119,
9403,10090,14119,14103,
9403,10260,14119,14103,
9403,9161,14119,14119,
9403,9563,14119,14119,
9403,10268,14119,14103,
9403,10120,14119,14103,
9403,9163,14119,14119,
9403,9282,14119,14119,
9403,9283,14119,14119,
9403,10021,14119,14103,
9403,10158,14119,14103,
9403,10060,14119,14103,
9403,9413,14119,14119,
9501,9122,14119,14119,
9501,9213,14119,14119,
9501,9292,14119,14119,
9501,9322,14119,14119,
9501,9443,14119,14119,
9501,9121,14119,14119,
9501,9212,14119,14119,
9501,9321,14119,14119,
9501,9021,14119,14119,
9501,9261,14119,14119,
9501,9262,14119,14119,
9501,9571,14119,14119,
9501,9062,14119,14119,
9501,9253,14119,14119,
9501,9263,14119,14119,
9501,9372,14119,14119,
9501,9503,14119,14119,
9501,9573,14119,14119,
9501,9123,14119,14119,
9501,9323,14119,14119,
9501,9331,14119,14119,
9501,9242,14119,14119,
9501,9023,14119,14119,
9501,9112,14119,14119,
9501,9171,14119,14119,
9501,9272,14119,14119,
9501,9291,14119,14119,
9501,9502,14119,14119,
9501,9012,14119,14119,
9501,9022,14119,14119,
9501,9251,14119,14119,
9503,9122,14119,14119,
9503,9273,14119,14119,
9503,9123,14119,14119,
9503,9172,14119,14119,
9503,9171,14119,14119,
9503,9291,14119,14119,
9503,9522,14119,14119,
9503,9161,14119,14119,
9503,9162,14119,14119,
9503,9253,14119,14119,
9503,9573,14119,14119,
9503,9062,14119,14119,
9503,9292,14119,14119,
9503,10113,14119,14103,
9503,9293,14119,14119,
9503,9112,14119,14119,
9503,9331,14119,14119,
9503,9501,14119,14119,
9503,9111,14119,14119,
9503,9561,14119,14119,
9503,9263,14119,14119,
9503,9333,14119,14119,
9503,9502,14119,14119,
9503,9563,14119,14119,
9503,9023,14119,14119,
9503,9173,14119,14119,
9503,9401,14119,14119,
9502,9251,14119,14119,
9502,9262,14119,14119,
9502,9571,14119,14119,
9502,10011,14119,14103,
9502,9272,14119,14119,
9502,9332,14119,14119,
9502,9252,14119,14119,
9502,10013,14119,14103,
9502,9022,14119,14119,
9502,9253,14119,14119,
9502,9171,14119,14119,
9502,10300,14119,14103,
9502,9292,14119,14119,
9502,9333,14119,14119,
9502,9501,14119,14119,
9502,9023,14119,14119,
9502,9122,14119,14119,
9502,9331,14119,14119,
9502,9531,14119,14119,
9502,9573,14119,14119,
9502,10111,14119,14103,
9502,10281,14119,14103,
9502,10283,14119,14103,
9502,10293,14119,14103,
9502,9172,14119,14119,
9502,9533,14119,14119,
9502,10090,14119,14103,
9502,9572,14119,14119,
9502,10113,14119,14103,
9502,9503,14119,14119,
9502,9561,14119,14119,
9542,9011,14119,14119,
9542,9202,14119,14119,
9542,9263,14119,14119,
9542,9342,14119,14119,
9542,9121,14119,14119,
9542,9103,14119,14119,
9542,9052,14119,14119,
9542,9541,14119,14119,
9542,9053,14119,14119,
9542,9213,14119,14119,
9542,9321,14119,14119,
9542,9462,14119,14119,
9542,9212,14119,14119,
9542,9242,14119,14119,
9542,9543,14119,14119,
9542,9141,14119,14119,
9542,9142,14119,14119,
9542,9262,14119,14119,
9542,9271,14119,14119,
9542,9323,14119,14119,
9542,9021,14119,14119,
9542,9101,14119,14119,
9542,9261,14119,14119,
9542,9443,14119,14119,
9542,9012,14119,14119,
9542,9211,14119,14119,
9541,9202,14119,14119,
9541,9312,14119,14119,
9541,9461,14119,14119,
9541,9542,14119,14119,
9541,9051,14119,14119,
9541,9211,14119,14119,
9541,9071,14119,14119,
9541,9141,14119,14119,
9541,9180,14119,14119,
9541,9261,14119,14119,
9541,9052,14119,14119,
9541,9101,14119,14119,
9541,9451,14119,14119,
9541,9543,14119,14119,
9541,9011,14119,14119,
9541,9201,14119,14119,
9541,9241,14119,14119,
9541,9091,14119,14119,
9541,9341,14119,14119,
9541,9343,14119,14119,
9541,9452,14119,14119,
9541,9053,14119,14119,
9541,9203,14119,14119,
9541,9074,14119,14119,
9452,9053,14119,14119,
9452,9341,14119,14119,
9452,10300,14119,14103,
9452,9311,14119,14119,
9452,9361,14119,14119,
9452,9051,14119,14119,
9452,9101,14119,14119,
9452,9343,14119,14119,
9452,9362,14119,14119,
9452,9180,14119,14119,
9452,9342,14119,14119,
9452,9541,14119,14119,
9452,9202,14119,14119,
9452,9074,14119,14119,
9452,9451,14119,14119,
9452,9461,14119,14119,
9452,9071,14119,14119,
9452,9201,14119,14119,
9452,9203,14119,14119,
9452,9312,14119,14119,
9452,9453,14119,14119,
9452,9141,14119,14119,
9452,9188,14119,14119,
9452,9211,14119,14119,
9451,10300,14119,14103,
9451,9071,14119,14119,
9451,9188,14119,14119,
9451,9422,14119,14119,
9451,9431,14119,14119,
9451,9074,14119,14119,
9451,9201,14119,14119,
9451,9300,14119,14119,
9451,9091,14119,14119,
9451,9231,14119,14119,
9451,9391,14119,14119,
9451,9051,14119,14119,
9451,9343,14119,14119,
9451,9381,14119,14119,
9451,9101,14119,14119,
9451,9191,14119,14119,
9451,9423,14119,14119,
9451,9541,14119,14119,
9451,9080,14119,14119,
9451,9452,14119,14119,
9451,9453,14119,14119,
9451,9180,14119,14119,
9451,9311,14119,14119,
9451,9341,14119,14119,
9451,9361,14119,14119,
9453,9312,14119,14119,
9453,9071,14119,14119,
9453,9461,14119,14119,
9453,9191,14119,14119,
9453,9361,14119,14119,
9453,9074,14119,14118,
9453,9080,14119,14118,
9453,9300,14119,14119,
9453,9363,14119,14119,
9453,9201,14119,14119,
9453,9311,14119,14119,
9453,9343,14119,14119,
9453,9381,14119,14119,
9453,9203,14119,14119,
9453,9221,14119,14119,
9453,9231,14119,14119,
9453,9313,14119,14119,
9453,9391,14119,14119,
9453,9451,14119,14119,
9453,9188,14119,14119,
9453,9232,14119,14119,
9453,9431,14119,14119,
9453,9362,14119,14119,
9453,9452,14119,14119,
9172,9253,14119,14119,
9172,9292,14119,14119,
9172,9402,14119,14119,
9172,9562,14119,14119,
9172,10113,14119,14103,
9172,10060,14119,14103,
9172,10281,14119,14103,
9172,9333,14119,14119,
9172,10013,14119,14103,
9172,10111,14119,14103,
9172,9122,14119,14119,
9172,10283,14119,14103,
9172,10292,14119,14103,
9172,9563,14119,14119,
9172,9331,14119,14119,
9172,9502,14119,14119,
9172,9503,14119,14119,
9172,10090,14119,14103,
9172,9162,14119,14119,
9172,9171,14119,14119,
9172,9332,14119,14119,
9172,9573,14119,14119,
9172,9173,14119,14119,
9172,9561,14119,14119,
9172,10112,14119,14103,
9171,9121,14119,14119,
9171,9173,14119,14119,
9171,9401,14119,14119,
9171,9563,14119,14119,
9171,9063,14119,14119,
9171,9162,14119,14119,
9171,9253,14119,14119,
9171,9501,14119,14119,
9171,9062,14119,14119,
9171,9122,14119,14119,
9171,9272,14119,14119,
9171,9032,14119,14119,
9171,9273,14119,14119,
9171,9331,14119,14119,
9171,9503,14119,14119,
9171,9292,14119,14119,
9171,9332,14119,14119,
9171,9023,14119,14119,
9171,9172,14119,14119,
9171,9372,14119,14119,
9171,9123,14119,14119,
9171,9291,14119,14119,
9171,9293,14119,14119,
9171,9502,14119,14119,
9171,9112,14119,14119,
9171,9111,14119,14119,
9171,9522,14119,14119,
9171,9561,14119,14119,
9171,9161,14119,14119,
9171,9333,14119,14119,
9171,9573,14119,14119,
9173,9561,14119,14119,
9173,9283,14119,14119,
9173,9403,14119,14119,
9173,9562,14119,14119,
9173,10113,14119,14103,
9173,9161,14119,14119,
9173,9563,14119,14119,
9173,10283,14119,14103,
9173,9123,14119,14119,
9173,9293,14119,14119,
9173,9401,14119,14119,
9173,9112,14119,14119,
9173,9282,14119,14119,
9173,9292,14119,14119,
9173,9113,14119,14119,
9173,9162,14119,14119,
9173,9171,14119,14119,
9173,9333,14119,14119,
9173,9503,14119,14119,
9173,10013,14119,14103,
9173,10060,14119,14103,
9173,9163,14119,14119,
9173,9172,14119,14119,
9173,9402,14119,14119,
9173,9253,14119,14119,
9313,9232,14119,14119,
9313,9231,14119,14119,
9313,9191,14119,14119,
9313,9453,14119,14119,
9313,9382,14119,14119,
9313,9311,14119,14119,
9313,9381,14119,14119,
9313,9391,14119,14119,
9313,9383,14119,14119,
9313,9551,14119,14119,
9313,9073,14119,14119,
9313,9131,14119,14119,
9313,9233,14119,14119,
9313,9361,14119,14119,
9313,9074,14119,14119,
9313,9201,14119,14119,
9313,9312,14119,14119,
9313,9193,14119,14119,
9313,9362,14119,14119,
9313,9221,14119,14119,
9313,9392,14119,14119,
9313,9041,14119,14119,
9313,9203,14119,14119,
9313,9363,14119,14119,
9311,9203,14119,14119,
9311,9300,14119,14119,
9311,9188,14119,14119,
9311,9201,14119,14119,
9311,9231,14119,14119,
9311,9313,14119,14119,
9311,9362,14119,14119,
9311,9381,14119,14119,
9311,9422,14119,14119,
9311,9452,14119,14119,
9311,9312,14119,14119,
9311,9361,14119,14119,
9311,9180,14119,14119,
9311,9191,14119,14119,
9311,9391,14119,14119,
9311,9451,14119,14119,
9311,9343,14119,14119,
9311,9363,14119,14119,
9311,9453,14119,14119,
9311,9080,14119,14119,
9311,9423,14119,14119,
9311,9074,14119,14119,
9311,9221,14119,14119,
9311,9071,14119,14119,
9311,9131,14119,14119,
9312,9072,14119,14119,
9312,9073,14119,14119,
9312,9192,14119,14119,
9312,9382,14119,14119,
9312,9362,14119,14119,
9312,9541,14119,14119,
9312,9461,14119,14119,
9312,9551,14119,14119,
9312,9203,14119,14119,
9312,9074,14119,14119,
9312,9463,14119,14119,
9312,9543,14119,14119,
9312,9131,14119,14119,
9312,9453,14119,14119,
9312,9202,14119,14119,
9312,9311,14119,14119,
9312,9313,14119,14119,
9312,9071,14119,14119,
9312,9141,14119,14119,
9312,9343,14119,14119,
9312,9053,14119,14119,
9312,9241,14119,14119,
9312,9381,14119,14119,
9312,9452,14119,14119,
9312,9051,14119,14119,
9312,9153,14119,14119,
9312,9191,14119,14119,
9312,9232,14119,14119,
9383,9393,14119,14119,
9383,9233,14119,14119,
9383,9313,14119,14119,
9383,9363,14119,14119,
9383,9043,14119,14119,
9383,9381,14119,14119,
9383,9382,14119,14119,
9383,9392,14119,14119,
9383,9232,14119,14119,
9383,9391,14119,14119,
9383,9553,14119,14119,
9383,9033,14119,14119,
9383,9041,14119,14119,
9383,9034,14119,14119,
9383,9042,14119,14119,
9383,9223,14119,14119,
9383,9281,14119,14119,
9383,9193,14119,14119,
9383,9221,14119,14119,
9383,9411,14119,14119,
